노래명	장르명	BPM	alias-1	alias-2	memo
(This Is Not) The Angels	BIG BEAT/BREAKBEATS	33–130			
0.59	CHILL OUT	123–135			
1st Samurai	お江戸テクノ	175–200			후반에 이요~하고 bpm 175->200
2 Player	BEAT PIANO MUSIC	129–220			
2hot2eat	HINDU SALSA	140–155			
3!dolon Forc3	THE 4th	96–191	이돌론포스		
50th Memorial Songs -Flagship medley-	ANNIVERSARY	135–175			
100sec. Kitchen Battle!!	SPECIAL COOKING	178?(표기) 88–178(N),11–178(H)	키친배틀		
A	RENAISSANCE	93–191			중반에 빨라짐
A-JAX (3-WAY MIX)	GAME MUSIC	62–224			중반에 224->174, 한 30초뒤에 154, 거의 끝날때 142
ABSOLUTE	EPIC TRANCE	60–144			마지막소절 점점느려짐..
Agnus Dei	GOTHIC METAL	70–168			처음에 잠깐 느리게 시작하고 쭉 168 마지막 5초정도 160
Ah Hah Yeah	UPTEMPO RAW	115–230			초견살 엄청 심함. 유튜브서 변속 숙지 필수
airflow	INSTRUMENTAL	40–148			
airflow -dreaming of the sky-	ROCK FUSION	40–148			
Amnolys	ART CORE	140–180			
AsiaN distractive	WORLD	132–157			
Astrogazer	PROGRESSIVE EDM	150–155			
avant-guerre	CLASSICAL PIANO SOLO	130–146			
AWA AWA	BOSSA NA NOKA	95–165			
Beat Juggling Mix	DJ BATTLE	66–198			
BitRacer	FM JAZZY TECH	132–158			
Bitter & Lucky	NU SYNTH BASS	135–180			
Blind Justice ~Torn souls, Hurt Faiths~	EPIC POETRY	137–165	블저		마지막 마디 조금씩 느려짐
BREAK OVER	FESTIVAL SOUND	106–150			
C-C-C-N-N-N	ELECTRONICORE	162–180	씨씨씨엔엔엔		초견 절대 유튜브로 패턴 한 번 봐
chaos eater -IIDX edition-	HARD STEP	105–210 (코어 BPM: 210)			
CHECKING YOU OUT	HIP HOP	108–216			
Close my Eyes for Me	AMERICA	132–145			
Concertino in Blue	PROGRESSIVE	103–155	컨첼		무조건 꼭 155에 맞추고 극후반 플로팅 필요
Cosy Catastrophe	DRUMSTEP	90–360			
Cradle	HEALIN' HARDCORE	160–188			
D	NEXT SKOOL BREAKBEATS HARDCORE	30–240			유튜브로 패턴 숙지 필수
DANCER	NU SKOOL	145–149			
DAY DREAM	DARK PROGRESSIVE	80–300	데이드림		유튜브로 패턴 숙지 필수
DIAMOND JACKAL	ENIGMATIC BASS HARDCORE	115–230			
Discloze	Hi-TECH PSYTRANCE	128–145			
DropZ-Line-	PUMPCORE	50–400	드롭제트		
dual control	GARAGE HOUSE	131–140			
DUE TOMORROW	TECHNO	100–400	듀튜머로우		유튜브로 패턴 숙지 필수
earth scape	PIANO BALLAD	45–94			
EMERALDAS	IRREGULAR DJENT STEP	88–176			
empathy	DRUM'N'BASS	170 85–170			
era (nostalmix)	DRUM'N'BASS	90–180			
era (step mix)	DRUM'N'BASS	90–180			
eRAseRmOToRpHAntOM	HARDCORE	135–270	이레이져모터팬텀		
EVANESCENT	PROGRESSIVE ROCK	127–165			초반에 느려질때 서서히 느려지다가 다시 빨라짐
Fascination MAXX	SuperNOVA BEAT	100–400			SOFLAN 조심
Fire Beat	Experimental Eurobeat EXPERIMENTAL EUROBEAT	157–300			
fixer	DOUBLE DRIVE	75–215			
FLOWERS for ALBION	AMBIENT	70–93			
four pieces of heaven	JUNGLE	125–195			중간에 플로팅 존재, 어나더 레겐 둘다 유튜브 숙지 추천
fun	FUNK SHUFFLE	100–200			
FUTURE is Dead	HOLIC	110(N,H) 110–220(A)			
Game Changers	HARD MIXTURE	105–210			
Ganymede	ESOTERIC SLOWCORE	72–82	가니메데		레겐더리아 배치 숙지 추천
GET READY!!	HARDCORE RAVE	88–175			
GHOST	FREEFORM HARDCORE	150–180			
Glitch N Ride	COLOUR BASS	30–300			
Glorious Days	HIP HOP & SOUL	40–83			
GLORIOUS HAMMER	DUBSTEP	155–160			
GRADIUS -FULL SPEED-	GAME MUSIC	160–220			
GRADIUSIC CYBER	DIGI-ROCK	(노멀, 하이퍼)159–167 (어나더)160–167			
Hallucination	PSYCHEDELIC TRANCE	120–160			
HAPPY☆LUCKY☆YEAPPY	YEAPPY HARDCORE	190–380			
Hella Deep	FREESTYLE	132–150			
Holy Snow	CHRISTMAS SYMPHONY	130–160			
hora de verdad	CYBER FLAMENCO	140–280			
ICARUS	NU-SKOOL BREAKBEATS HARDCORE	126–251			중간 126->251 서서히 가속, 유튜브로 패턴 숙지 추천
Ignis†Iræ	X	188–191	이그니스이레		
In The Breeze	HYBRID	123–142			초반에 조금 느려서 142로 맞추고 시작할 것
INSERTiON	EURO TRANCE	110–225			
Jack	MIXTURE	167–210			
JAM	J-REVIVAL	71–225			
JOMANDA	HARD RENAISSANCE	90–195(300)			
kors k's How to make OTOGE CORE	CHANNEL K	124–190			
kors k's How to make OTOGE CORE 「LONG」	CHANNEL K	124–190			
L'amour et la liberte	TRANCE	140–145			
Last Card	BEBOP CORE	85–170 (코어 BPM: 170)			
Lethal Weapon	RECKLESS HARDCORE	90–180	리설 웨폰		중반 플로팅
Linus	LOUNGE POP	160–176			
Little Little Princess	PUNK OPERA	212 (N) 180–212 (H, A, L)			
Marie Antoinette	宮廷円舞曲	205–248			
MAX 300	HARDCORE TECHNO	64–300 (코어 BPM: 300)			
MAX 360	HARDCORE TECHNO	180–720 (코어 BPM: 360)			
Meissa	PROGRESSIVE DRUM'N'BASS	124–174			
Midnight Drive	HIP HOP	90–110			
mind the gap	UK PROGRESSIVE	98–147			
Monkey Business	HARD DANCE	80–160 (코어 BPM: 160)			
moon_child	POST ROCK	130–160			
Move Me	AFRICA	93–186			
My Sweet Bird?	J-POP	180 (N, H, A) 108–180 (L)			
n/a	SYMPHONIC DUBSTEP	85–255			중반 85->255 가속구간 있음 유튜브로 패턴숙지필수
NEBULA GRASPER	PSYCHEDELIC TRANCE	152–153			
New Castle Legions	DYSTOPIA	120–180			유튜브로 패턴 숙지 강추
New Decade IIDX Edition	SPEED DANCE CORE	100–400			
NINJA IS DEAD IIDX ver.	SHINOBI SPEED	111–222	닌자죽음		중반 bpm반감 플로팅부분
NNRT	ELECTRO GOTHIC	101–202			중반 bpm 반감 플로팅부분
nostos	NOSTALGIA	86–144			
Odin	GABBER	160–180			
Onyx	STYLISH COLOUR	44–174			
op.31 叙情	PIANO CONCERTO	100–350	서정		유튜브로 태너 숙지 필수
out of disk space	CHARGE CORE	165–190			
OVER THE CLOUDS	HOUSE	120–128			
OVER THE CLOUDS -Flying Grind mix-	HOUSE	120–128			
PARANOiA ~HADES~	SUPERNOVA2 BEAT #1	75–300			
PARANOIA survivor MAX	JUNGLE MIXTURE	73–290			
Particle Arts	NEOTRANCE	162–178			
PENDUAL TALISMAN	SYSTEM BGM	150–160			탕탕탕탕탕탕 하고 bpm 160->150
Pluto	SUPERNOVA2 BEAT EX	50–225 (코어 BPM: 220)			
POSSESSION	PSYCHIC FLASH	23–185			플로팅 구간 2곳 존재
Punching Down (IIDX Mix)	SWITCH UP	128–150			
Push on Beats!~音ゲの国のeX-ストリーマー~	AKIBA-POP	164–172	오토게나라		
quaver♪	HAPPY	182–186	퀘이버		미세변속 존재
ra'am	RAVERS DANCE SPEED	111–222	라암		속도 222로 맞추고 플로팅해야함
Raison d'être 〜交差する宿命〜	ASTRAL CHOIR	155–175	레종데트르		
Regulus	INSTRUMENTAL	120–128			
ruin of opals	IRIDESCENCE JAZZ ETUDE	220–390			유튜브로 패턴 숙지 필수
R壱萬	RAVE	188–204	R일만		
SA.YO.NA.RA. SUPER STAR	ONLY ONE FINALE	85–170			
SABER WING	SHOOTING WALTZ	74–222			
SAMBA DE JANEIRO	SAMBA	153–161			
Sarutobi Champion is 拙者	PIECED MAKIBISHI	130–195	사루토비챔피언		갑자기 빨라지니 유튜브로 패턴 숙지 필수
Saturn	PROGRESSIVE TRIBAL	78–155 (코어 BPM: 155)			
Scandal	PROGRESSIVE SWING	160–228			
Session 1 -Genesis-	ELECTRIC FUSION	79–178			bpm 178에 맞추고 초반 플로팅할것
Session 9 -Chronicles-	ROCKIN' DRUM'N'BASS	182–189			
Session 12 -Esther-	PROGRE SYNTHETIC	64–209			
She is my wife	ONLY ONE BALLAD	85–170			노래 분위기상 곧 빨라지겠다 싶은곳서 미리 속도반감
Silly Love	ELECTRO NU DISCO	124–153			
Silver Bullet	PIANO CONCERTINO + JAZZ FUSION	152–172			SOFLAN 조심
Sinus Iridum	KAMIKURA	128–256	시누스		256에 맞추고 시작하고 플로팅, 배치 유튜브에서 숙지 필수
SISYPHUS	ABSURD STYLE	90–360 (코어 BPM: 180)			SOFLAN 조심
Skratch Education Lv-1	DJ BATTLE	100–200			유튜브서 패턴 숙지 필수
Skywalking	TRANCECORE	90–180 (코어 BPM: 180)			
Sol Cosine Job 2	FREEFORM HARDCORE	190–200			미세변속 롱스크나오는 구간서 속도 약간 낮춰도
Space in Time	FUTURE 'N' BASS	165–174			
Spooky	HARD HOUSE	140–455			
STAY GOLD	HARD DANCE	20.625–330 (코어 BPM: 165)			
Stella Sinistra	SYMPHONOVATIVE ROCK	120–180			
STULTI	GRAVIOL	90–182	스툴티		
Substance	PSYTECH FULL ON	130–174			
Surf on the Light	ELECTRO FUSION	60–160			
SYNC-ANTHEM	LATIN EURO	160–166	싱크엔섬		두루당당 하고 끝났다 싶을때 bpm 166에 맞춰야함
T.R.O.L.L.	RAWSTYLE	100–160			
THANK YOU FOR PLAYING	ONLY ONE EPILOGUE	45–170			마지막 소절 느려지는거 플로팅 필요
The Least 100sec	PROGRESSIVE	200–264	100초		마지막 플로팅
THE SAFARI	WORLD HOUSE	134 (3rd ~ 5th) 150 (6th ~)			676767
The Sealer 〜ア・ミリアとミリアの民〜	ELEMENTAL JIG	137–205	실러		
Theory	TRAP	102–146	띠오리		
TOE JAM	COUNTRY TECHNO	112–160			
TRANOID	PSG WORKS	130–190			
TRIP MACHINE PhoeniX	SUPERNOVA2 BEAT #2	80–160			
Twin Bee (Generation X)	EURO BEAT	168–177			
Usual Days-remix	DANCE POP	130–134			
VJ ARMY	ALL MIX	135–160			
VØID	EXTREME EXPERIMENTAL	80–170	보이드		유튜브에서 패턴 숙지 필수
Voltage (feat. Hidemaru)	BIG BEAT	30–125			
Votum stellarum	ANTHEM TRANCE	136–147			
Votum stellarum -Hommarju Remix-	UK HARDCORE	154–175			
Y&Co. is dead or alive	90's RAVE	145–876			유튜브로 패턴 숙지 필수
ZETA 〜素数の世界と超越者〜	IDM	90–180	제타		기믹이 빡센 노래. 기믹 찾아보는거 추천
キャッシュレスは愛情消すティッシュ	K-GROOVE	117–170	캐시리스티슈		
シャムシールの舞	バトルダンス	100–155	샴시르의 춤		
ディスコルディア	CROSSOVER	180–280	디스코르디아		배치 숙지를 위한 유튜브로 패턴 파악 필수
デモーニッシュ	J-POP	140–200	데모니슈		
デンドロビウム	BLOOM FUSION	110–144	덴드로비움		
ハオ	J-POP・VOCALOID	130–176	하오		
ピアノ協奏曲第１番 "蠍火"	DIRGE	165–188	헐화		미세변속 중간중간 존재. 180초반에 맞추고 깡으로 쳐야
ピアノ独奏無言歌 "灰燼"	THRENODY	100–200	회신		SOFLAN 조심
ラクエン	REGGAE	99–198	낙원		
ラクエン Feat.Chiharu Chonan -JAKA respect for K.S.K Remix	TECHY FREEFORM	99–198	낙원리믹스		
ワルツ第17番 ト短調 "大犬のワルツ"	VALSE	(노멀)190–290 (하이퍼)220–310 (싱글 어나더)230–320 (더블 어나더)220–350	큰개의 왈츠		SOFLAN 조심
二人ノ廃城幽踊宴	SPUKWALZER	280–316	2인의 폐성 유령 무도회		
最小三倍完全数	ピタゴラス的不完全性破壊衝動音律(ハンマーによる)	55–440	최소삼배완전수		
冥	HUMAN SEQUENCER	66–200	명		유튜브로 패턴 숙지 필수 https://youtu.be/5mC34O1il_4?si=lo_fBaGkBQFHhzmp
卑弥呼	ESOTERIC SPEEDCORE	83–185	히미코		유튜브로 패턴 숙지 필수
大桟橋	JAPAN	84–168	오산바시		
少年A	POST RENAISSANCE	90–192	소년A		
廿	新世紀進歩的羽扇子音楽	120–160	ㅂ		
御千手メディテーション	御千手メディテーション	150–190	천수관음메디테이션		
恋愛=精度×認識力	HARDCORE×ソフラン×変拍子×萌え	3–333 [BPM]	연정인		유튜브로 패턴 숙지 필수
恋歌疾風！かるたクイーンいろは	ハイスピードラブ一首	120–168	카루타퀸		
惑星鉄道	PROLOGUE	10–166	혹성철도		SOFLAN 조심
新宝島	IIDX EDITION	149–158	신보물섬		CHARGE 조심
明鏡止水	禅ジャズ	290 (208–290)	명경지수		
月光蝶	ビジュアル	109–218	월광접		
月雪に舞う華のように	FOREST SNOW	70–125	월설화		
朝焼けから始まるボクらの小さな旅	ARTCORE ROCK	100–218	아침부터 시작하는 우리들의 작은 여행	아침여행	
桜	SPIRITUAL	13–320	사쿠라		
終焔のClaudia	HARD RENAISSANCE	90–185	종염의 클라우디아		
罪過の聖堂	PIANO CONCERTO	40–165	원죄의 성당		패턴 숙지 필수
聖人の塔	BATTLE TRACK	97–194	성인의 탑		NOTES 조심
花冠 feat.Aikapin	SOCA	83–180	화관		
華麗なる！音戯探偵ひなビタ♫	オトギタンテイ	72–127	오토기탐정		
華麗なる大犬円舞曲	CINEMATIC VALSE	60–147	화려한 큰개 원무곡		유튜브로 패턴 숙지 필수
覚悟せよ！エンタンメ～ン ～より身の切り売り自暴自棄版～	ビックリポップ	141–176	엔턴멘		
走馬灯 -The Last Song-	SOLDIER'S BALLAD	68–85	주마등		
雪上断火	HIP ROCK 3	105–180	힙락3		
雫	LAMENTO	95–210	라멘토	영	
革命	ORCHESTRAL	83–148	운명		초반 플로팅
音楽	SILENT	210–520(N, H) 210–360(EX)	음악	사일런트	패턴 숙지 필수
魔法のかくれんぼ	FANTASY TOYPOP	178–208	마법의 숨바꼭질		
-65℃	WHITE OUT	186			
¡Viva!	TRIBAL HOUSE	135			
⁽⁽ଘ( ˙꒳˙ )ଓ⁾⁾ beyond reason	ROMANTIC SCHOOL VARIATIONS	174			
[ ]DENTITY	FORTUNE OVERTURE	200	IDENTITY		
《GRANDMASTER》	TRIUMPH	160			
《ORDERBREAKER》	GODSPEED	166	ORDERBREAKER		
《PL|RAYER》	ASCENDING TOGETHER	180			
& Intelligence	MEGA MIX	160			
#CMFLG	HARD TRIBAL	155	카모플라쥬		
#MAGiCVLGiRL_TRVP_B3VTZ	NEON/TWERKCORE	100			
#The_Relentless	DUBCORE	170			레겐더리아 CHORD 조심
†渚の小悪魔ラヴリィ〜レイディオ† (IIDX EDIT)	Hi-CORE	190	소악마의 러블리 라디오		
∀	RENAISSANCE	180	턴에이		
≡+≡	NIGHTCORE	182			레겐더리아 CHORD 조심
■□模様	ALTERNATIVE SHIBUYA E-POP	189	네모무늬		
2 Be Continued	DRAMATIC CHIPTUNE	189			
2 Beasts Unchained	HARDCORE	175			
2 tribe 4 K	TRIBAL	140			
3V0	NEO DANCE SPEED	191			
3y3s	DANCE SPEED	191			PEAK 조심
3y3s(Long ver.)	DANCE SPEED	191			
5.1.1.	PIANO AMBIENT	101			
5.8.8.	PIANO AMBIENT	95			
7 Colors	PRISM EURO	156			
19,November	HOUSE	125			
20,november	HOUSE	130			
20XX	CYBER BREAKCORE	180			
22DUNK	TECHNO	135			
24h Endurance Race	HARDCORE	183			
24th Century BOY	EURO RAVE	168			
27th style	HIP HOP	150			
50th Memorial Songs -Beginning Story-	ANNIVERSARY	135			
50th Memorial Songs -The BEMANI History-	ANNIVERSARY	136			
50th Memorial Songs -二人の時 ~under the cherry blossoms~-	ANNIVERSARY	160	둘만의시간		
100% minimoo-G	SYNTHETIC PROGRESSIVE ROCK	252			
250bpm	GABBA	250			
255	HYPER SPEED RAVE	255			체력 주의(중반에 빡센트릴)
405nm(Ryu☆mix)	HARDCORE	177			동치 연습하기 굉장히 좋은 패턴
532nm	HARDCORE	177			
808monkey	JUNGLE TERROR	168			
1001 -ESCAPE-	JAZZ ROCK	147			
1116	BREAKBEATS	190			
2002	RAVE	132			
10000 MILES AWAY	DRUMSTEP	178			
199024club -Re:BounceKiller-	TECH BREAKBEATS	143			
A Certified Rave Moment	MULTIGENRE	165			
A MINSTREL ～ver. short-scape～	LA FABELO	114			CHORD 조심
A Tale Hidden In The Abyss	COMMENT OUT	216			
AA	RENAISSANCE	154	더블에이스		
AA -rebuild-	RENAISSANCE	154			
Abraxas	DUBSTEP	165			
ABSOLUTE (kors k Remix)	IIDX ANTHEM REVIVAL	160			
ABSOLUTE EVIL	EUPHORIC FRENCHCORE	200	앱솔에빌		
abstract	BIG BEAT	125			
Abyss	INTELLIGENCE	142			
Abyss -The Heavens Remix-	TRANCE CORE	171			
ACCELERATE	SYNTH-TECH	153			
Acid Pumper	HARD DANCE	150	녹색어머니회		
ACID VISION	LIQUID FUNK DRUM & BASS	182			
Acidiva 303	HARD DANCE	150			
ACT	RAVE	180			
ACTØ	NEOTRANCE CORE	185			
ADAMANT	HARDCORE	200			
Adularia	ARTCORE	180	아두랄리아		롱잡 잘 하면 깰만하고, 롱잡 연습하기 좋다
ADVANCE	ELECTRONICA	100			
Advent Infamous	NEO DIGITAL FUTURE	150			
Aegis	TECHNO	162			
Aerial Skydive	DRUM & BASS	175			
Aeterna	UNSUNG FANTASIA	180			
ÆTHER	ASTRAL HARDCORE	190	AETHER	에테르	
Affection	HARD DANCE	150			
AFRO KNUCKLE	AFRO-SAMBA	145			
Afterimage d'automne	ASYMMETRY ART	232			
Aftermath	ROCK	200			
AGAiN	HARDCORE	174			
AGEHA	HAPPY HARDCORE	180			
AGETEKE ONDO	JAPANESE OMATSURI ROCK	164			
Air Bell	FLOW POP	171			
AIR RAID FROM THA UNDAGROUND	SPEEDCORE	180	에레기		후살 특히 조심
AKASHIC BREAK	LAPLACE CORE	205			
ALBA -黎明-	HYPER GOTHIC BEAT	165	알바-여명-	아바즈레	
ALBIDA	HARD RENAISSANCE	185	알비다		
ALFARSHEAR 双神威に廻る夢	HYPER J-POP SEVEN	170	알파르셰어		
ALIEN TEMPLE	PSYCHEDELIC TRANCE	145			
ALIEN WORLD	PSYCHEDELIC TRANCE	145			
ALL I NEED YOUR LOVE	HARD CORE	145			
All is Wrecked	INDUSTRIAL METAL	170			
ALL MY TURN -このターンに、オレの全てを賭ける-	ONLY ONE EURO BEAT	170	올마이턴		
ALL OK!!	HYPER POP / BREAKCORE	183			
ALL RIGHT	DRUM'N'BASS	180			
alla turca con passione	NATURAL SOUND	140			
Almace	TECHNO	172			
Almagest	AKASHIC RECORDS	178	알마게		롱잡구간 직전에 나오는 중살이 진짜 어렵다
Alpheratz	PIANO TRANCE	154			
ALTERNATOR	IRREGULAR OMNIBUS HARDCORE	185	얼터네이터		
Always We Trust In You	EMOTIONAL HAPPY EUPHORIA	190			
Amabie	ORIENTAL FUTURE BASS	168			
Amazing Mirage	HiTECH FULLON	153			
Ambivalent Vermilia	HARD RENAISSANCE	185	2대주작		
Ambush Ace	ELECTRO FUSION	158			
Amethyst	TRANCE	155			
AMICABLE	FUTURE POP	158			
Amor De Verão	熱帯 THE BASS	138			
Amor∞Fati	PIANO DANCE APPASSIONATO	170			
AMRITA -不滅ノ花-	ORIENTAL TRANCE	152	암리타		
ANAGMA	PSY TECH DANCE	150			
ANAGRAMS I to Y	DANCE POP	180			
ANCHOR	STYLISH CROSSOVER	180	앵커		
Ancient Scapes	DYNASTIC FREEFORM	178			
And-RoiD	J-POP	173			
ANDROMEDA	PSYCHEDELIC GOA TRANCE	150			
ANDROMEDA II	PSYCHEDELIC SYNTH TRANCE	150			
ANEMONE	EMOTIONAL J-POP	174			
Angel's Ladder	PIANO TECH	155			
Angelic Jelly	HAPPY で HARDCORE	200	엔젤릭 젤리		마지막 부분에 랜덤걸면 지옥같은 배치가 나올 수 있다. R-RANDOM 추천
Angels & Demons	DRUM & BASS	174			
Anisakis-somatic mutation type "Forza"-	HARD RENAISSANCE	185	킈에에엥		
Answer	STARPOP	156			
ANTHEM LANDING	LATIN TEK	151			
anthracene	HYPER EUROBEATECHNO	175			
Antigravity	HARDCORE DANCE SPEED	222	반중력	안티그래비티	가변 현지인이면 돌리고 노트치고 돌리고 노트치고 ㄱㄱ
AO-∞	DANCE SPEED	191	AO-infinity		
AO-1	DANCE EXPRESS	195	아오이치		
apo:llioth	HARDCORE	200			
Apocalypse	EPIC D'N'B	165			
Apocalypse ~dirge of swans~	ORATORIO	170			
Aqvion	AQUATIC TECHCORE	175			
Arabian Rave Night	ARABIC HARDCORE	180			
Arca	GENESIS	185			
Arcana	UPLIFTING TRANCE	143			
Arcanos	NOSTALGIC ARTCORE	96			
Ariah	UNSUNG REQUIEM	198			
Arkadia	FREEFORM HARDCORE	180			
Around the Future	CYBERCORE	162			
Around The Galaxy	UPLIFTING TRANCE	145			
Artist	MYSTICAL HARD DANCE	165			
As You Want	CYBER LIQUID FUNK	177			
Ascalon	ELECTRO POP	185			
ASIAN VIRTUAL REALITIES (MELTING TOGETHER IN DAZZLING DARKNESS)	BIG BEAT	150	가상현실		초견살 조심. 유튜브로 채보 꼭보고가야함
Astra Blaze	DRUMSTEP	168			
ASTRAL VOYAGE	DREAM TECHNO	136			
ATOMIC AGE	ENSEMBLE	130			
Atröpøs	NEUTRONIKA	182			
Attitude	TRANCE	145			
Aublia	POST J-TRADITIONAL	156			
Aurora	TRANCE CORE	181			
AVE DE RAPINA	ALTERNATIVE HOUSE	125			
awakening	TRANCE	143			
ay carumba!!!!	NUSTYLE GABBA	180			
B.O.D.Y.	HARD BODY MUSIC	157			
B4U	SPEED RAVE	155			
B4U(BEMANI FOR YOU MIX)	RECKLESS RAVE	155			CHORD 조심
BabeL ~Grand Story~	SPIRAL STAIRS	163	부타바벨		
BABY LOVE	ITALO POP	160			
Back Into The Light	2STEP POP TRANCE	144			
Back Into The Light -Feelings Won't Fade Vocal Mix-	TRANCE	144			
Back Spin Sweeper	WAGON WHEEL TRANCE	155			
Back to the Dance Floor	TRIBAL LOUNGE	126			
Backyard Stars	FUTURE BASS	175			
BAD BOY BASS!! (dj Remo-con MIX)	NRG	148			
Bad Encryption	NEO INDUSTRIAL	200			
Bad Maniacs	INDUSTRIAL	195	배매니		배멘퀠의 배
Bad Routine	FILTER HOUSE	130			
bag	SPIRITUAL	65			
Bahram Attack -猫叉Master Remix-	HOUSE	155	발암어택		
BALLAD FOR YOU 〜想いの雨〜	BALLAD	65	발라드포유		
BALLAD THE FEATHERS	CELTIC REEL	132			
Bang Bang Dance	HARD DANCE	156			
Bang-Boo Bumble	BANGIN' TECHNO	165			
Banger Banger Banger Banger	EARLY RAVE	190			
bass 2 bass	BUBBLEGUM DANCE	140			
Battle Train -IIDX Edition-	HARD DANCE	160			
Battleground	SCHRANZ	165			
BattleRoyal	DUBSTEP	150			
Be a Hero!	DIGITAL THRASH PUNK	190			
Be A Star	ALTERNATIVE TECHNO POP	174			
Be OK	EUROBEAT	148			
Be quiet	HARD DANCE	150	비콰이엇		
Be Rock U (1998 burst style)	ULTRA ROCK BEAT	150			
Beast mode	SPEED EURO	195			
Beastie Starter	SPEEDCORE	190	비스티		후살 특히 조심
BEAT PRISONER	PRIME BIG BEAT	155			CHARGE 조심
Beat Radiance	NEO CLASSICAL DANCE	192			CHORD 조심
beatAffection	BEAT MUSIC	190			
beatchic☆仮面 ~好き、でいさせて~	E-DANCE POP	175	비트시크가면		
beatonic nation	TECH-TRONICA	165			
BEAUTIFUL ANGEL	DRUM'N'BASS	172			
Beautiful Harmony (IIDX Mix)	PROGRESSIVE TRANCE	135			
Begin	PSY-TRANCE	170			
Beginning of life	AMBIENT	110			
Beginning of life(THE GROUND PULSE MIX)	TECHNO	140			
being torn the sky	ELECTRO POP	102			
Believe In Me	HARDCORE	170			
Believe in You	HARDCORE RAVE	175			
BEMANI PRO LEAGUE Theme	BPL EDM	134			
Best of Me	CYBER LIQUID FUNK	177			
Beyond Evolution	CULMINATION	185	비요에보		PEAK 조심, 채보 숙지 필수, 하이퍼도 빡셈
Beyond The Earth	WORLD/ELECTRONICA	140			
Beyond The Seven	TRANCE	142			
BIGWAVERS	EMOTIONAL HARDCORE SUMMERS	177			
BIGソムタム	DRUM STEP	187	빅솜탐		
Binary Black Hole	BLACK OUT	190	바이너리 블랙홀		PEAK 조심, 유튜브에서 배치 숙지
Biometrics Warrior	RAGGACORE	215			
bit mania	テクノ歌謡	160			
BITTER CHOCOLATE STRIKER	JUMPSTYLE	165	비터쵸코		
Black Apple	ELEGANT MODERN ROCK	174			
BLACK JACKAL	DANCE MUSIC	150			
BLACK or WHITE?	SYMPHONIC SPEED SCHRANZ	185	블올화		
BLACK.by X-Cross Fade	TECH-BREAKBEATS	163	블랙바이		SCRATCH 특히 조심
Blame	EUROBEAT	155			
Blaze it UP!	HARDCORE RAVE	175			
BLAZING_LAZER	BURNING RAVE	191	블레이징레이저		
Bling-Bang-Bang-Born	IIDX EDITION	157			SCRATCH 조심
BLO§OM	BLOOM TRANCE	158			
BLOCKS	TRANCE	141			
Bloody Tears(IIDX EDITION)	HARD RENAISSANCE	170			
bloomin' feeling	HAPPY HARDCORE	181	블루민 필링		
Blown My Heart Away	80's EUROBEAT	124			
Blue Bird feat. Kanae Asaba	LATIN FUSION POP	134			
BLUE DRAGON(雷龍Remix IIDX)	RAVERS DANCE SPEED	188	블루드래곤		R-RANDOM vs 랜덤 호불호 갈림 유튜브로 체크
BLUE MIRAGE	NU STYLE GABBER	170			
Blue Rain	TRANCE	144			
Blue Spring Express	DREAM CORE	172	청춘급행		후살 조심
BLUE STRAGGLER	HARD DANCE	160	블루쓰레기		
Blueberry Stream	HOUSE	138			
bluemoon	LATIN HORNS GROOVE	140			
BLUST OF WIND	CROSSOVER HOUSE	145			
BOOM BOOM DISCO NIGHT	EUROBEAT	180			
Boomy and The Boost	NEO JUNGLE	174	부미		후살 조심
Bounce Bounce Bounce	DANCEHALL	116			
Boundary	ROCOCO TEK	160			
Bow shock!!	JAZZ PIANO TRANCE	165	보우쇼크		
Brahma	TOKYO STYLE SPEEDCORE	400			
BRAINSTORM	TRANCECORE MEETS GABBA	180			
BRAVE GLOW	SPACY TRANCE	160			
BRAVE OUT	ELECTRANCE	150			
Brave Spirits	MELODIC RIDDIM	152			
Brazilian Fire	LATIN HOUSE	130			
Break Stasis	DRUMSTEP/HARDCORE	184			
Breakin' Chain	MOOMBAHCORE	206			
Breakin' Rules	CYBER PUNK	170			
Breaking Dawn feat. NO+CHIN, AYANO	J-CORE	186			
Breaking the ground	HARDCORE	166			
BREATH	ROCOCO TEK	160			
BREEDING	TECHNO	150			
BRIDAL FESTIVAL !!!	HAPPY ☆ JIG	138			
BRIGHTNESS DARKNESS	ROCOCO TEK	150			
BRILLIANT 2U	EURO GROOVE	150			
BRING HER DOWN	TRIBAL BASS	132			
Bring The Fire	SPEED RAVE	160			
Broadbanded	TRANCE	140			
BroGamer	SUPER ULTIMATE HYPER CORE	207	브로게이머		레겐더리아 CHORD 조심, 어나더 스크복합 조심
Broken	TRANCE	148	브로큰		
BROKEN EDEN	SYMPHONIC-TEK	162			
Broken My Heart	HYPER EUROBEAT	160			
Broken Sword	DUAL ANTIQUE	160	브로큰소드		
Buffalo	ROCK	108			
Burnin' The Floor	EURO GROOVE	155			
Burning Flame	HYPER TECHNO	165			
Burning Heat! (Full Option Mix)	12BEAT	166			
Butterfly Twist	SPEED HOUSE	160			
CADENZA	PSYCHEDELIC TRANCE	160	카덴자		체력 조심
Caldwell 99	STARRY BASS HOUSE	142			
CALL	WORLD/ELECTRONICA	158			CHARGE 조심
Calvados Queen	JAZZ ROCK	220			
CAN'T STOP FALLIN' IN LOVE	HYPER EUROBEAT	155			
Candy Galy	HAPPY	184	캔디갈리		
Cansei de S NIK	FIDGET HOUSE	137			
CaptivAte 〜裁き〜	NOSTALISH REQUIEM	180	심판		
CaptivAte 〜裁き〜(SUBLIME TECHNO MIX)	SUBLIME TECHNO	160	심판서브라임		
Captivate〜誓い〜	NOSTALISH REQUIEM	160	맹세		
CaptivAte～浄化～	NOSTALISH REQUIEM	160	정화		
CaptivAte2〜覚醒〜	NOSTALISH REQUIEM	160	각성		
Caramel Pain	J-POP	130			
Carmina	SYMPHONIC TRANCECORE	195	카르미나		
CARNIVOROUS	GIRL'S EUROBEAT	170			
Carry Me Away	FUTURE CORE	175	캐리 미 어웨이		
CARRY ON NIGHT (English version)	EUROBEAT	158			
Castle on the Moon	DANCE SPEED	191			
Catch Me	ACID JAZZ	115			
Catch Our Fire!	MARVELOUS CHEER	190			
Catch ya Getcha!	PSY KECAK STYLE	156			
Caterpillar	HARD TRAP	170	캐터필러		스크 주울 수 있는거만 주워보자
CELEBRATE NITE	EURO GROOVE	144			
Central Station	FUTURE BASS	158			
Chain of pain	FULL ON	153			
Change the World	SPEED POP	286			
Change Yourself	TRANCE	155			
Changes	BALLAD	70			
CHAOTIC SUNBIRD	ULTRA SAM-BASS	163			
Chaotoxin	HELETIC BREAK D'n'B	180			
chaplet -IIDX re:build-	FUTURISTIC 12 BEAT	200			
CHARLOTTE	FRENCH BOSSA	150			
ChaserXX	CYBERNETICS PIANO HOUSE	140			
Chasing After YOU ~夢の欠片~ ft. 小林マナ	Y2K 2000 J-POP DANCE	150	꿈의조각		
Cheer Train	BIG BEAT	120			
Chemical Colours	COLOUR TECHCORE	175			
Chemical Cookie	FUTURE BASS	180			
Chewingood!!!	CHIP RAVE	190	츄잉굿		
Chocolate Dancing	TRIP-POP	90			
CHOCOLATE PHILOSOPHY	SWING WALTZ	220			
Chocolate Planet	HAPPY CHOCO CORE	185			
chrono diver -fragment-	HEALING DRUM'N'BASS	185			
CHRONO DIVER -NORNIR-	CYBER DRUM & BASS	185	노르닐		레겐더리아 CHORD 조심
Chrono Diver -PENDULUMs-	CHRONO BREAKS	196	펜듈럼		유튜브 숙지 필수
Chronos	PROGRESSIVE	128	크로노스		
Chronoxia	WONDER QUEST	180	크로녹시아		
cinder	MAELSTROM	216	신더		
City Never Sleeps (IIDX Edition)	DRUM&BASS	178			
Claiomh Solais	ILUZIO	165			
Cleopatrysm	PHARAO BEAM STEP	190			
Click Again	CLICK HOUSE	137			
Clione	DUTCH TRANCE	148			
Clione (Ryu☆ Remix)	THE 4TH	148			
Close the World feat.a☆ru	J-CORE	188	쫀쪼니		레겐더리아 체력 조심
CLOUDY MUSIC	DRUM'N'BASS	190			
CODE -CRiMSON-	NRG SCHRANZ	167			
CODE:1 [revision1.0.1]	TECHNO	145			
CODE:2	HARD TECHNO	155			
CODE:Ø	BIG BEAT	125			
Cold Moon	MOON CORE	202			
Cold Pulse	TECHNO	142			
COLOR BURST	COLOR DANCE POP	170			
Colorful Cookie	HAPPY HARDCORE	180	컬쿠		어지간해서 랜덤 강추
Colors -Y&Co. Eurobeat Remix-	EUROBEAT	155			
Colors (radio edit)	TRANCE	150	컬러즈		미러 추천
COLOSSEUM	LOST GROUND	140			
CoMAAAAAAA	UPLIFTING ETHNIC	150			
Comment te dire adieu	BOSSA LOUNGE	160			
CONCEPTUAL	HARD REVOLUTION	198			
concon	HARD ELECTRIC POP	190			
Confiserie	HARD ELECTRIC POP	185	콩피즈리		
CONNECT-	EPIC TRANCE	150			
connective	LOUNGE POP	128			
Constellation	UPLIFTING TRANCE	140			
CONTRACT	SUBLIME TECHNO	180	컨트랙트		레겐더리아 후살 조심
Cookie Bouquets	BREAK CORE	205			체력 조심
Cosmic Cat	FUTURE BASS	151			
COSMIC CYBER	BIGCORE	170			
COSMIC RAY	BIGCORE	195	코스믹 레이		후살 조심
COSMIC V3LOCITY	UCHIAGE CORE	200			
COSMIC☆WONDER☆REVOLUTION	COSMIC POP	152			
Countdown to Heaven or Hell	TECH TRANCE	155			
COUNTING SHEEP ft. Kanae Asaba	SYMPHONIC DRUM'N'BASS	152			
Cranberry City ft. Luschel	GARAGE	138			
Crank It	BASS HOUSE	160			
Crazy Jackpot	UK HARDCORE	170			
Crazy K.I.N.O.	MIXTURE	145			
crew	난이도별 상이	150/152/155			
Critical Crystal	DANCE SPEED	191			이거 12임
Cross Fire	CROSSOVER	180			
CROSSROAD ~Left Story~	DRAMATIC EURO TRANCE	170			
CUE CUE RESCUE	EMERGENCY CORE	160			
Cult Invitation	00's TECHNO	164			
Cyber Force	CYBORG TRANCE	146			
Cyber Force -DJ Yoshitaka Remix-	BUCHIAGE TRANCE	148			
Cyber True Color	DREAM COLLABORATION	150			
CyberConnect	HARD DANCE	150			
D.A.N.C.E.!	J-POP	116			
D.C.fish	TECHNO	155			
D2R	HYPER ROCK BEAT	160			
Dahlia	HARD RENAISSANCE	185			
Daily Lunch Special	ラッキーハードコア	205	점심특선		
Daisuke	EUROBEAT	157			다이수케~
Damage Per Second	CYBER DRUMSTEP	177			
Dances with Snow Fairies	トレンディートランス	154	눈요정		
Dancin' Into The Night	DISCO	140			
Dans la nuit de l'éternité	POLONAISE	244	단스		
Danza Aestas	CONTEMPORARY SALSA	150			
Dark Fall	MASSIVE DANCE SPEED	202			
DARK LEGACY	DARK ELEMENT	196			
Darling my LUV	J-R&B	100			
dAuntl3ss	HARDER DANCE MUSIC	166			후반 조심
DAWN -THE NEXT ENDEAVOUR-	DRUM & BASS	183			
Dawn Saga	CELTIC TRANCE STEP	185	던사가		
DAYDREAMER	GIRLY ROCK	195			
DAZZLE ATTACK	HAPPY HARDCORE TAKEOVER	175			
Dazzlin' Darlin	HANDZ UP	149	다즐린 달링		
Dazzlin' Darlin-秋葉工房mix-	EUROBEAT	149	다즐링달링아키바		
DEADHEAT	HARDCORE	200			
DEATH†ZIGOQ 〜怒りの高速爆走野郎〜	世紀末コア	200	데스지고쿠		체력 조심, NOTE 조심, 유튜브로 패턴 숙지 권장
Debtty Daddy	ETHNO HARDCORE	155			
Deceive Your Insight	PIECED ROCK	190			
deep in you	DANCE POP	126			
DEEP ROAR	SUPER RAVE BEAT	165			
Deep Sea Mystery	NEO 90's AMBIENT JUNGLE	172			
Demon March	CINEMATIC BREAKCORE	174			
DENJIN AKATSUKINI TAORERU -SF PureAnalogSynth Mix-	PSYCHE TRANCE	165			
Derelict Star feat. Ryu*	HARD DANCE	150			
DESIRE	UK HARDCORE	184			
desolation	PIANO BALLADE	72			
Despair of ELFERIA	HARD IRISH SYMPHONIC	205	절페리아		CHORD 조심
destination	TRANCECORE	175			
DESTINY	HYPER EUROBEAT	155			
Destiny lovers	J-POP	170			
Destiny Sword	ELECTRIC STEP	155			
Devil's Gear	MAINSTREAM HARDCORE	180	데빌즈기어		
Devilz Sacrifice -贖罪の羊-	SYMPHONIC BREAK BEATS	175	속죄의양		
Devilz Staircase	SYMPHONIC BREAK BEATS	185			초반에 나오는 빠른 연타 조심
diagram	GLITCH HOP	112			
DIAMOND CROSSING	HARD ELECTRIC POP	180	다이아몬드 크로싱		배치 신경써야함
DIAVOLO	TRANSCENDENTAL ETUDES	160	디아볼로		
dica dica	ACID RAVE	175			
Digital MinD (A/T Libra mix)	MINIMAL	155			
Digital Radiance	COLOUR TECH	166			
Digital Skipper	HYBRID	150			
Digitank System	TECH-BREAKBEATS	128			
DISAPPEAR feat.koyomin	EMOTIONAL HI-TECH	145			
Disco Killer Music Lover	HARDCORE RAVE	175			
DISPARATE	CYBERPUNK	200			
dissolve	TRANCE	140			
Distress	MIXTURE	125			
DIVE ~INTO YOUR HEART~	HYPER TRANCE EURO BEAT	155			
Divine Heaven	BIG ANTHEM	150			
DIVINE JUDGEMENT	SYMPHONIC BREAK BEATS	190			
diving money	DRUM'N BASS DRUMN BASS	150			
DM STAR ~関西 energy style~	SPEED RAVE	166	간사이에너지		
Do Back Burn	ELECTRO	136			
Do it!! Do it!!	N-BEATS	300			
do the thing feat. Kanae Asaba	EDM	135			
Do What You Want	FUTURE BASS	160			
DO-IT-AMA-SITE!!!	YOU'RE WELCOME DANCE	135			
DoLL	HYPER J-POP FOUR	170			
DOMINION	HARDCORE	196			
Don't be afraid myself	J-POP	165			
Don't believe the hype	MIXTURE	210	돈빌립더하이프		SCRATCH 특히 조심
Don't let it go	J-POP REMIX	160			
Don't Stop The Music feat. Kanae Asaba	ELECTRO FUNK	110			
Don't Stop The Music feat.森高千里	J-POP	110	돈스탑모리타카		
Don't Stop!	HAPPY HANDBAG	130			
Donkey Donk	DONK	155			
DORNWALD 〜Junge〜	ARCHAIC TALE EP1	169	돈왈드		
Double Dribble	FUNKY GABBER	210	더블 드리블		
double thrash	BATTLE2005	166			
Double♡♡Loving Heart	J-POP	138			
Dr. Chemical & Killing Machine	INDUSTRIAL TECHNO	165			
Dr.LOVE	DANCE POP	123			
Drastic Dramatic	8BARS	166	드래스틱 드라마틱		
DREAM OF SPACE UFO ABDUCTION	ABDUCTION BEAT	140			
Dreamin Train	J-CORE EXPRESS	158			
Dreamin' Sun	ELECTRO POP	152			
Dreaming Dream	DANCE POP	140			
Dreaming Sweetness	SCOUSE HOUSE	140			
Dreamship	ELECTRO POP	140			
Drive Me Crazy	AKIBA RAVE	180			
Driver	BIGROOM D&B	174			
DROP	WHITE SEQUENCE	152			
Drop It	DUBSTEP/MMETAL/DJENT	155			
Drop on the floor	HOUSE	130			
Drop Syndicate	MOOMBAHCORE / DRUM'N BASS	180			
DRUNK MONKY	MINIMAL	145			
DUAL STRIKER	IIDX SOUNDS	185			
Duration	DRUM & BASS	180			
DXY!	TECHNO	148			
Dynamite	HYBRID TWERK	100	다이너마이트		스크래치 조심
DYNAMITE RAVE	SPEED RAVE	150			
Dynasty	SYMPHONIC HARDWALTZ	189			
E.V CAFE	SOUL	125			
earth-like planet	ACID JAZZ	150			
EBONY & IVORY	RAGTIME CHIPTUNE	170	에보니		레겐더리아에만 있는 변속 조심
ECHIDNA	HYBRID BUCHIAGE TRANCE	146	에키드나		유튜브로 배치 숙지하면 좋음
Echo Of Forever	HOUSE	135			
ECHOES	TECHNO	140			
Echoes of Sunfall	ETHNIC HARDSOUND	160			
EDEN	HYPER J-POP SIX	200			
Egret and Willow	FUTURE BEATS	196			
Eine Haube 〜聖地の果てにあるもの〜	VELLUM	170	벨럼		
Eleanor	UNNAMED FIESTA	208			
ELECTRIC MASSIVE DIVER	GABBA	178			
Electric Super Highway	ELECTRO	139			
Electrified	ELECTRO	140			
Electro Tuned (the SubS mix)	BIG BEAT	125			
Elektrick U-Phoria	UK HARDCORE	180			
Element of SPADA	HEALING POP	170			
elemental bender feat. Kanae Asaba	EDM	135			
Elemental Creation	HARD RENAISSANCE	212	원창	신의 음악	
Elisha	TRANCE CORE	185	엘리샤		
ELYSIUM	RANDOM ACCESS MEMORIES	183			
Ember Lights	FUSION TRANCE	148			CHARGE 조심
Emera	EDM STYLE	161			
EMOTiON TRiPPER	ELECTRIC POP	170			
Empathetic	DRUM STEP	180			
Empire of Fury	JUNGLE TERROR	204	퍼리제국		
Empire State Glory	CYBERPUNK	173			
EMPTY OF THE SKY	E-ROCK	182			
encounter	DRUM'N'BASS	190			
END OF THE CENTURY	DANCE SPEED	170			
end of world	FRENZY HOUSE	162			
Endless Summer Story	JAPANESE REGGAE	95			
Energy Drive	HARDCORE	170			
Engraved Mark	HAPPY SAD CORE	188			
Enjoy your life	ELECTRONICA	160			
entelecheia	SACRED TRANCE	185	흑르셰		
entrance	TECHNO	180			
ERaSeR EnGinE DistorteD	HARDCORE	177			
Ergosphere	亜空間ジャズ	170			
EROICA	VERSE	200			PEAK 조심, 짧은 롱노트는 보정이 있어 단노트치듯
Erosion Mark	FALLIN APART CORE	192			
esrev:eR	EMOTIONAL SENTENCE	155			
Estella	SPANISH WALTZ	114			
Eternal Tears	WINTER BALLADE	84			
Euphoric Lagoon	J-DANCE FUSION	149			
EURO-ROMANCE	80's TECHNO	161			
Evans	HARD RENAISSANCE	185	에반스		
evergreen	PROG	133			
Everlasting Last	J-DANCE POP	140			
Everlasting Message	EPIC ORCHESTRA	230	에버라		후살 숙지 필요, 배치 숙지 필요
Everlasting Resort	ONLY ONE ANTHEM	148			
everlastingeuphoria:	HYPERTRANCE	165			
EVO66	TECHNO	135			
EX-MASSIVE FIGHTER	HYBRID HARDSTYLE	165			
examination leave	VACATION DANCE	180			
Exchange Place	FUTURE JERSEY	142			
EXCITE	IIDX EDITION	151			
EXE	ELECTROSHOCK	158			
Exhaust Hype	HARD BASS HOUSE	147			
EXODUS SIGN	TEAROUT BREAKS	150			
Expanded !!	MIDDLE EASTERN TWERK	200			
Explorer feat. ぷにぷに電機	DANCE POP	131	익스플로러푸니푸니		
Express Emotion	J-CORE	182			
EXTREMA PT.2	TECH DANCE	142			
EXTREME MACH COLLIDER	TECHNO	148			
EXUSIA	HARDCORE	188	엑서시아		
EYE OF THE HEAVEN	ORBITALIC ELECTRONIC METAL	308			
EZ DO DANCE	IIDX EDITION	140			
F	RENAISSANCE	154			
Fading Stars	TRANCE	148			
fairy cocktail	エレクトロニック/エレクトロニカ/ポップ	134			
FAKE STYLE II	DANCE MUSIC	125			
FAKE TIME	HARD ROCK	200			
fallen leaves -IIDX edition-	WORLD/ELECTRONICA	165			
Fantasia	HYPER FANTASIA	165			
Fantastic Merry-Go-Round	DIGITAL POP	168			
FANTASTIC THREE	DUB COMEDY	185	개노답 삼형제		
Far east nightbird	DRUM'N'BASS	180	극동밤새		
Farewell to Marrakech	MOROCCAN CROSSOVER	144			
Fashion Fruit	STAR☆FRUIT	165			
Feedback	BREAK BEATS	140			
FEEDING FRENZY	HI-TECH PSYSTYLE	181			
FEEL IT	DRUM'N'BASS	180			
Feel The Beat	HARDCORE RAVE	175	필더빗		레겐더리아 PEAK 조심
Fegrix	EURO BEAT	175	페그릭스		
FERMI♡PARADOX	COSMIC HAPPY TUNE	179			
Fervidex	ARTCORE	191	페르비덱스		
FESTA DO SOL	LATIN GROOVE	130			
Fiery Stallion	80'S SYNTHWAVE ROCK	160			
Final Count Down(MTO CRY BABY STYLE)	METALLIC EURO	164			
FINALLY BLAZE	ENERGETIC HARDCORE	185			
FIRE BALL	SPEED STAR	188			
FIRE FIRE	BUCHIAGE TRANCE	150	불불		
First Resolution	TECHNO RAVE	150			
Five Regrets	JAZZ ARGENTINO	144			
FiZZλ_PØT!0И	超炭酸すぱしゃわコア	187			
Flämingo	PASSIONATE RAVE	189			
FLARE -炎舞- ft.Nana Takahashi	BPL S3 THEME	140	염무		
Flash Back 90's	MEGA MIX	155			
Flashes	DRUM'N'BASS	180	플래시스		
Flip Flap	CANDY HANDZ UP	175			
FLOWER	TRANCE CORE	173			
FLUTE MAN	DEEP HOUSE	165			
Fly Above	DREAM TRANCE	150	플라이 어보브		
Fly Above (Vicissitude Remix)	DREAM DRUM'N'BASS	150			
Fly Away	HARD DANCE	160			
Fly Away To India	DANCE POP	133			
fly through the night	TRANCE	140			
Fly you to the star	HANDZ UP	141			
Flying Castle	COLOUR CORE	174			
Follow Tomorrow	J-DANCE POP	140			
foreplay	PROGRESSIVE JAZZ	140			
Forgetting Machine	DRUM'N'BASS	174			
Foundation of our love	TRANCE	140			
four-leaf	ROCK	157			
Fractal	CYBER PROGRESSIVE	175			
Free Style	DANCE POP	132			
FREEDOM	HYPER DUBSTEP	150			
Freeway Shuffle	TRANCE	145			
Freezing atmosphere	NATURAL SOUND	135			
frequent	MUSIC GAME TRADITIONAL	176			
Friction[!]Function	PROGRES BEAT	150	프릭션펑션		
Frisk And Squeak	MAKINA	185			
From Human Blood	ORBITALIC METAL STEP	170			
From Time To Time	TECH HOUSE	140			
Funny Shuffle	JAG GLITCH	115			
FUZIN RIZIN	HYPER DIGIMETAL	190			
ƒƒƒƒƒ	HARD Pf	138	하드pf		
G2	DRUM'N'BASS	170			
G59	EXPERIMENTAL MUSIC	170	지고쿠		배치 숙지 필요
GAIA	SPEED DANCE	180			
Galaxy Collapse	MULTIGENRE	156			
GALGALIM	HARDCORE TECHNO	165			
GAMBOL	BIG BEAT	102	갬볼		
GAME ON	MIXTURE	105			
garden	SWING WALTZ	220			
Garuda	JUKE/FOOTWORK	160			
Geirskögul	CYBER DRUMSTEP	177			
GENE	TECHNO GRAFFITI	163	진		체력 주의
General Relativity	UK GARAGE/2-STEP	142			
GENERATE feat.綾倉盟	ELECTRONIC DANCE	145	제너레이트아야쿠라		
GENOCIDE	DRUM'N'BASS	175			
gentle stress	DRUM'N'BASS	175			
Get Higher	ADVENTURE TRIP	170			
Get on Beat	HARD BAG	126			
GET ON BEAT (WILD STYLE)	HARD HOUSE	150			
Get On Your Feet	HYBRID TRANCE	155			
Get Out	ELECTRO	130			
get set mind	TORIENA LAND	180			
Get set, Go! feat.Kanae Asaba	FUTURE BOUNCE	135			
GET UP AGAIN	COMPETITIVE ROCKSTEP	180			
Get Up! feat. Kanae Asaba	TROPICAL HOUSE	130			
Get Wicked	BIG BEAT	135			
Get'em up to R.A.V.E	RAVE	145			
GHEL NAGARAJA	PSYCHEDELIC TRANCE	162			
Ghost Pulse	NEOTRANCE	165			
GHOST REVIVAL	GOA TRANCE	148			
GHOSTBUSTERS	DISCO	125			
GIGA RAID	NEO RUSSIAN FUTURE	150			
GIGA THRASH	DUBSTEP	150			
GIGA VIOLATE	EDM-DUBSTYLE	150			
gigadelic	NUSTYLE GABBA	173	기가델릭		랜덤 추천
GiGaGaHell	EXTRATONE	250	기가가헬		유튜브로 패턴 숙지 추천
GIGANT	MARCHING ROCK	140			
Gimme a Big Beat	EDM	138			
Giudecca	PSYCHEDELIC TECHNO	155			
Give Me A Sign	2STEP	126			
Give Me Your Love	KANA-POP	130			
glacia	ARTCORE	186			
Glitch Nerds	GAMER'S ELECTRO/COMPLEXTRO	140			
Globe Glitter	RAVE STEP	190			
GloriosA	XYMPHONIC TECHCORE	175			
Glory	EDM	134			
Go Ahead!!	TRANCE CORE	200			PEAK 특히특히 조심, 배치 숙지 추천
Go Berzerk	HARDCORE	172			
Go Beyond!!	TRANCE CORE	200	고비용		https://youtu.be/S6V_rhvujio?si=qu1zq2_YTAXRJSTj , 배치 숙지 추천
Go Faraway	TRAPSTYLE	150			
GO OVER WITH GLARE -ROOTAGE 26-	HARDSTYLE	170			후살 PEAK 특히특히 조심, 프프 막곡으로 하기 딱좋음
GOBBLE	CANTERBURY&BEAT	160			
God Mind	NEO HARD RENAISSANCE	185			
Godspeed	JOINT WORK	165			
GOLD RUSH	RECKLESS RAVE	162			
GOLD RUSH 2025	RECKLESS RAVE	162			
GOLDEN CROSS	TECHNO	150			
Golden Horn	TURKISH PIANO'N'BASS	160			
Golden Palms	NU DISCO	130			
Good Looking	RAVE BREAKS	170			
GRADIUS 2012	KONAMI REMIX	180			
Grand Chariot	HARD ART CORE	191			
Gravigazer	PROGRESSIVE SCHRANZ	160			
GRAVITON	NEUROFUNK	185			
Gravity	BIG BEAT	125			
GREEN EYES	BROKEN TEK	170			
GRID KNIGHT	ELECTRONICA	160			
GROOVE 04	FUTURE GROOVE	155			
GUILTY	TECHNO	148			
GuNGNiR	REQUIEM PSY	222			체력 주의
Ha・lle・lu・jah	TRANCE POP	150	할렐루야		
HADES	HARDSTYLE	155			후살 주의
HAERETICUS	ECCENTRIC	208			
HALF MOON	PROGRESSIVE	140			
Halfway of promise	GIRL ROCK	140			
Hands Up feat. kradness BEMANI Sound Team "Sota Fujimori" Remix	THE 4TH	172			
Happy Wedding	HOUSE	126			
HAPPY★RUSH	HAPPY	185			
HAPPY☆ANGEL	HAPPY HARDCORE	180			
HARD BRAIN	HARD TECHNO	155			
Hard Breaker	HARD TRANCE	155			
hard-wired	HIDEOUT	208			배치 숙지 추천
Hardcore Mania	HARDCORE	170			
Harmonia	NU PRELUDE	177			
Harmony and Lovely	PROGRESSIVE HOUSE	135			
Hat Surprise	UK HARDCORE	180			
Hat Surprise (Season 2)	UK HARDCORE	180			
Hat Surprise (Season 3)	UK HARDCORE	180			
HAT TRICK	HANDZ STYLE	150			
HEARTACHE	HEALING FUTURE	90			
heaven above	FILTER HOUSE	132			
Heavenly Sun (IIDX VERSION)	TRANCE	130			
HEISEI	ELECTRONIC RHAPSODY	152			
HELL SCAPER -Last Escape Remix-	GABBAH	180			
Hello Happiness	HAPPY HARDCORE	182			
Here We Are	J-CORE	175			
Here We Go Now	HARD PSY	170			
HEROES	HARD MIXTURE	185			
HI SCHOOL DREAM	TRANCE	145			
HIGH	RAVE	180			
High School Love	HIGH SPEED LOVE SONG	180			
HIGH VOLTAGE	HARDSTYLE	155			
Highcharge Divolt	BEMANIZED DIGITAL ROCK	200			
HIGHER	DANCE POP	132			
Hitch Hiker	WARP HOUSE	137			
Hitch Hiker2	WARP HOUSE	137			
Hold My Hand	MELODIC DANCE MUSIC	154			
Holic	HARD TECHNO	155			
Hollywood Galaxy	DRUM'N'BASS	186	할갤		
Hollywood Galaxy(DJ NAGAI Remix)	GALACTIC J-CORE	186	할갤리믹		삭제곡
Honey Trap	HYPER TRAP	160			
Hopeful Daybreak!!!	EMO ROCK	258			
HORIZON	HAPPY HARDCORE	175			
Horizons of Promise	ALTANATIVE ROCK	180			
Hormiga obrera	ALTERNATIVE HOUSE	130			
HOT LIMIT	IIDX EDITION	156			
HOUSE NATION	HOUSE	128			
Howling	NU RAVE	155			
Hurry Hurry	RAVE SXXX	160			
Hybrid Landscape	TEC-DRUM'N'BASS	170			
Hydrogen Blueback	TECH DANCE	143			
HYENA	BIG BEAT	178			
HYPE THE CORE	GABBA	190			
HYPER BOUNDARY GATE	GOA TRANCE	152			
Hyper Drive feat. ぷにぷに電機	DANCE POP	130	하이퍼드라이브푸니푸니		
HYPER EUROBEAT (2DX style)	EUROBEAT	152			
HYPERION	MORNING FULL ON	150			
Hypersonik	DRUM&BASS	175			
HyperTwist	YALDICORE	190			
I	CHIP ELECTRO	225			
I am	CYBER J-ROCK	190			
I can fly,I've got reason	EXTREME GRANGE	88			
i feel ...	TRANCE	141			
I FIGHT ME	DRUM & BASS	175			
I know You know	NEW 80's	136			
I Love You	EURO TRANCE	170			
I Want To Do This Keep	HYBRID RHYTHM BASS	150			
I Was The One	ITALO HOUSE	125			
I Was The One (80's EUROBEAT STYLE)	EUROBEAT	142			
I will be back -オレは帰ってきた-	ONLY ONE MOMENT	172	오레는돌아온다		
i-ii	HITECH NHI FULLON	155			
I.C.F.5800	ELECTRO	172			
I'm Coming (2017 Version)	ダンスミュージック	135			
I'm Screaming LOVE	TECHNO POP	147			
I'm so Happy	HAPPY HARDCORE	181	암소해피		
IceCube Pf.(RX-Ver.S.P.L)	CLUB JAZZ	120			
IDC feat. REVERBEE(Mo'Cuts Ver)	TECH-BREAKS	140			
IDOL syndrome.	PSYCHEDELIC ROCK	145			
Idola	REPLICANT CORE	201			배치 숙지 추천
If	FUTURE BASS	170			
iFUTURELIST	FUTURELIST TYPE	150			
Ignited Night	HEAT UP	149			
IIDX	HIPHOP	110			
IIDX RED Ending (Ryu☆Remix)	CAPTIVATE	155			
ILAYZA	EMOTIONAL SENTENCE -INSTRUMENTAL-	160			
ILIAS	HYPER ELECTRO	142			
Illegal Function Call	ORBITALIC CORE	260			
illuminate	SYNTHETIC EDM	146			
Illusionary Waterlily	EMOTIONAL RAVE EUPHORIA	180			
Immortal	J-CORE	208			
IMPLANTATION	GOA TRANCE	145			
IN BETWEEN	HARDSTYLE	160			
In Heaven	HEAVENLY TRANCE	149			
in motion	CLICK HOUSE	138			
in my eyes	TRANCE	142			
In the Blackest Den	PROGRESIVE ROCK	177			
IN THE NAME OF LOVE	EUROBEAT	155			
in the Sky	HAPPY HARDCORE	180			
INAZUMA	TRANCE	148			
Indigo Vision (full flavour hide around mix)	GOA TRANCE	155			
INFERNO	BRAZILIAN HOUSE	135			
Inferno of Fomalhaut	DJENT STEP	150	포마헛		유튜브로 패턴 숙지 추천
Infinite cave	DRUM'N'BASS	190			
Infinity Mirror	NEO 90's CINEMATIC TECHNO	148			
INHERITANCE	TRANCE CORE	180			
Initiation	00's TECHNO	160	뽀에버		중반 백스핀 단스크 있는거처럼 최대한 돌려줘야함
INJECTION OF LOVE	ELECTRIC CABARET	160			
Inner Spirit	HiTECH FULLON	146			
Inner Spirit -GIGA HiTECH MIX-	NEO HiTECH FUTURE	150			
innocent revolver	BIGBAND JAZZ	310			
Innocent Walls	TECHNO	155	백벽		유튜브로 패턴 숙지 추천
INORI	MILLENNIUM TRANCE	146			
Insane Techniques	Hi-TECH FULL ON	146			
Inside Insight	JAZZY POP	145			
insist	DANCE POP	136			
INSOMNIA	FUNKOT	195			
into the battlefield	SYMPHONIC BREAKS	180			
Into The Madness	SPOOKY	155			
Into The Sunlight	DRUM & BASS	175			
INVISIBLE STRIX	NEUROFUNK	184			
Invitation from Mr.C	HOLIC	230	초대장		
invoker	TRIBE CORE	195	인보커		
Iris	EMOTIONAL J-POP	176			
IX	BLOOD METAL	198	나인	IX	
IXION	PSYCHEDELIC TRANCE	150			
jelly kiss	A.O.R.	135			
jelly kiss -Midihead's Smack Mix-	HARD HOUSE	135			
JET WORLD	ハードカントリー	138			
Jetcoaster Windy	GIRLY POP	268			
JEWELLERY STORM	HARDCORE	176			
JIVE INTO THE NIGHT	DANCE EXPRESS Hi-speed	170			
Journey	WORLD/ELECTRONICA	112			
JOURNEY TO "FANTASICA" (IIDX LIMITED)	THE WORLD GROOVE	260			
Jumper	DRUM'N'BASS	174			
Jungle Eater	DRUMSTEP / RAGGATEK	184			
Just a Little Smile	NU SKOOL BREAKS	136			
Just Gimme	CYBER DRUMSTEP	178			
JUST SYNC ft.Kanae Asaba	80S SYNTH POWER POP	153			
JUSTICE/GUILTY feat. Nana Takahashi & 709sec.	ROCKIN' DRUM & BASS	183			
Kailua	ENERGETIC HAWAIIAN TRANCE	146			
KAISER PHOENIX	HEAVY METAL	170	카피		NOTES 조심
KAMAITACHI	FREEFORM HARDCORE	165			레겐더리아 패턴 숙지 필수
KAMIKAZE	TECHNO	130			
Karma	DRUM'N'BASS	200 (노멀,하이퍼) 222 (어나더)			
Kecak	TRANCE	139			
Keep It -秋葉工房mix-	EUROBEAT	166	킵잇아키바		
KEEP ON MOVIN'	DANCE POP	132			
KEY	BEAT ROCK	212			
KHAMEN BREAK	PROGRESSIVE GOSPEL	180			
KI・SE・KI (IIDX RED EDIT)	J-POP	155	기적		
Kick Out 仮面	E-DANCE POP	160	킥아웃가면		
KILL EACH OTHER	PSYSTYLE	162			
KING	IIDX EDITION	166			
King of Tribe	ブレイクコア	200			
Kiss me all night long	J-EURO POP	155			
Konzert V	JUNGLE CLASSIC	160			
kors k's Let's make an Image Song!	CHANNEL K	176			
KOTONOHA ft. Kotoha	EMOISM FUTURE POP	160			
Kung-fu Empire	ASIAN JANGLE	177			
KYAMISAMA ONEGAI!	トレンディーポップス	140			
L.F.O	UK HARDCORE	180			
La dolce primavera	PRIMAVERA JAZZ WALTZ	220			
LA FESTA LA VITA!!	DRUM'N'BASS	180			
La Mar	CATALÀ LOUNGE	130			
LAB	RAVE	180			
LADS	HYBRID FOLK	152			
LADYBIRD	GLITCH HOP	230			
LASER CRUSTER	NU-SKOOL BREAKS	152			
LASER CRUSTER (IGNITE REMIX)	DRUM & BASS / HYBRID TRAP	152			
Last Burning	ELECTRO	130			
Last Dance	HARD STACC	150			
LAST DAY	PSYCHEDELIC TRANCE	157			
Last Message	EUROBEAT	155			
Lawes's Parotia	PROGRESSIVE METAL	140			
LAX5 feat.Ryota Yoshinari	LOUD TECH	190			
LEADING CYBER	DIGI-ROCK	150			
Leaving...	SYMPHONIC EURO	145			
Legendary Treasures	ADVENTURE TRIP	172			
LEMON MELON COOKIE	ボカロ	180			
Les filles balancent	FRANCE	180			
LESSON 5	HAPPY EXTREME	152			
Let me be your cure	ELECTRIC DANCE ROCK	192			
Let the Snow Paint Me	AMBIENT POP	130			
Let The Snow Paint Me -Y&Co. Remix-	TRANCE	130			
Let The Track Flow	UK HARDCORE	175			
Let's Bounce !!	FUTURE HOUSE	138			
LETHEBOLG～双神威に斬り咲けり～	PLATINUM J-POP ONE	165	레테볼그		
Level 2	BIGBEAT / DUBSTEP	150			
Level 3	DRUMSTEP / DnB	175			SCRATCH 조심
Level 4	DnB	180			SCRATCH 조심
Level 5	Drumstep / Bass House / Dnb	185			SCRATCH 조심
Level One	Drumstep / DnB	173			SCRATCH 조심
Liberation	TRANCE	150			중반 32비트 트릴
Life Is A Game ft.DD"ナカタ"Metal	UPTEMPO HARDCORE	195	인생게임		후반 조심
LIFE SCROLLING	DETROIT TECHNO	134			
Lift Us High	MELODIC TRANCE	150			
Light and Cyber…	HAPPY HARDCORE	181			
Light My Fire	BREAKCORE	200			
Light Shine	BUBBLEGUM DANCE	140			
Lighting Shower	TRANCE POP	162			
LIGHTNING STRIKES	Hi-GAIN ENERGY	174			레겐더리아 체력 주의
lights	SOUL	142			
LIGHTS ft. EVO+	EMO BREAKS	145			
Lightspeed	FRENCHCORE	200			
LIKE A VAMPIRE	HEAVY METAL	276			
Like+it!	EUROBEAT	165			
LIMIT TOPPA REVOLUTION	ハピコアMAX	190			
LIMITED	TECHNO	170			
Line 4 Ruin	ELECTRO TECH	141			
Liquid Crystal Girl feat. echo	ELECTRO	134			
Lisa-RICCIA	HARD RENAISSANCE	205			레겐더리아 유튜브로 패턴 숙지 추천
Little Star	J-CORE	183			
LIVE DRIVING!! feat.花たん	HARD ELECTRIC POP	190	라이브드라이빙하나땅		
LOCUS OF THE TRAVEL	HAPPY BISTRO CORE	182			
Logic Board	TECHNO	130			
London Affairs Beckoned With Money Loved By Yellow Papers.	SERIOUS STEP	150			
Lords Of The Roundtable	PIANO BEAT MUSIC	174			SCRATCH 조심
Lost Souls	DARKSTEP	185			
LOST TECHNOLOGIE	TECHNO	157			
Lost wing at.0	DRUM'N'BASS	185			유튜브로 패턴 숙지 추천
LOUDER ROLLING THUNDER	MASSIVE MIXTURE	180	롤라썬		유튜브로 패턴 숙지 추천
LOVE AGAIN TONIGHT ~for Mellisa mix~	HYPER EUROBEAT	150			
Love Again...	POPS	110			
LOVE B.B.B	DRUM'N'BASS	173			
Love Is Eternity	TRANCE	140			
LOVE IS ORANGE	HARD CHANSON	180			
Love Magic	DRUM'N'BASS	170			
Love Me Do	NEW WAVE	167			
LOVE WILL...	TRANCE	144			
Love♡km	HAPPY CORE	184			
LOVE♡SHINE	J-HAPPY HARDCORE	177			
Lovely Howdy Cowboy!!	HAPPY COUNTRY CORE	180			
LOVELY STORM	HAPPY HARDCORE	178			
LOW	RAVE	160			
lower world	TECHNO	155			
lowercase lifetime	HYPERFLIP	205			
Lucky Days	DREAM TRANCE	160			
Lucy	DANCE POP	156			
Ludus In Tenebris	LIAISON	126			삭제곡
Luna Plena	MELODIC J-ROCK	175			
Luv 2 Feel Your Body	2 STEP	134			
LUV CAN SAVE U	NEO 80's EURO ELECTRO	140			
LUV DRIVE	POPCORE	188			
LUV TO ME (disco mix)	EURO BEAT	154			
LUV TO ME (UCCHIE'S EDITION)	EUROBEAT	160			
Lycoris	HYPER JAPANESQUE	174			
M-02stp.ver1.01	TWO STEP	132			
M.D.Injection	PIECED DOWNBEAT	202			
m1dy Deluxe	TOKYO STYLE SPEEDCORE	410 205	미디 디럭스		
m1dy Dynamic	TOKYO STYLE SPEEDCORE	370 185	미디 다이나믹		
m1dy Festival	TOKYO STYLE SPEEDCORE	225	미디 페스티벌		
M4K3 1T B0UNC3	HDM	150			
MA・TSU・RI	JAPANESQUE	160	마츠리		
Macho Gang	TRIBAL HOUSE	125			
Mächö Mönky	JUNGLE TERROR	150			
Macuilxochitl	PIANO CONTEMPORARY	148	마퀼		
MAD ATTACK	UPBEAT	140			SCRATCH 조심
madrugada	PROGRESSIVE HOUSE	125			
MAGIC & LOVE	HAPPY CORE	185			
Magical	KAWAII FUTURE BASS	174			
Make A Difference	GOSPEL	130			
Make Me Your Own	HOUSE	130			
Makin' It	JUNGLE, DRUM N BASS	168			SCRATCH 조심
MANA	SUPER SPLASH TUNE	195			
Mare Nectaris	EXPERIMENTAL	256	마레		유튜브로 패턴 숙지 필수
MARIA (I believe... )	EUROBEAT	158			
MARLIN	DRUM'N'BASS	184			
Marmalade Reverie	YEYE	170			
Mars beach	BALEARIC	140			
mathematical good-bye	ハードコア	182			
Matt Silver	TECHSTYLE	146			
MAX LOVE	LOVELY BUCHIAGE POP	180			
MAXIMUM CHEAT GIRL	MAXIMUM GAME-BREAKING HARDCORE	210			
MAXIVCORD	ADMIRABLE	154			
Medicine of love	MAGICAL POP	182			
MEGAERA	BULGARIAN CORE	206			정배치/미러 추천
Megalara Garuda	DRUMSTEP	180	메갈라라		
Mel	DRUM'N'BASS	178			
Melody Life	NEW ACOUSTIC	172			
Melt in my arms	DANCE POP	118			
Memoria Obscura	UNNAMED PROGRESSIVE	180			
memories	BEAT ROCK	188			
MENDES	IRREGULAR HI-BREAK	168	멘데스		배멘퀠의 멘
MENTAL MELTDOWN	HARD HOP	145			
Mermaid girl	BUBBLEGUM DANCE	140			
Mermaid girl -秋葉工房mix-	EURO BEAT	150	머메이드아키바		
Metagame Matador	TAIHEN HARD DANCE	160			
METALLIC MIND	OLDSKOOL HARDCORE RAVE	150			
Miami Sunset Drive	80's ELECTRO HOUSE	131			
Mid-Corner (Magic Maker)	HARD DANCE	165			
Midnight Lady	NU 80's DISCO FUNK	128			
Mighty Cutie	HAPPY HARDCORE	172			
Million Dollar	PARTICULAR NIGHTSCAPE	180			
Mind Mapping	ELECTRO-TECH	128			
minimalian	MINIMAL	141			
MINT	ELECTRONICA	150			
Mira	ALTERNATIVE FUGUE	184			
Miracle 5ympho X	FRENCHCORE	210			SCRATCH 조심
MIRACLE MEETS	BUCHIAGE TRANCE	160			
MIRU key way	ELECTRO	130			
Mobo★Moga	FRENCH POP	172			
MOCHIMOCHI DREAMIN!!	オモチコア	170			
Modular Technology	TECHNO	170			
Monkey Dance	EUROBEAT	155			
Monkey Dance '09	EUROBEAT	155			
Monopole.	ARTCORE ROCK	201			
MOON	哀愁ユーロ	156			
MOON RACE	FUTURE HOUSE	147			
More Move	CLUB BOSSA	180			
mosaic	TECHNO POP SPEED	188	모자잌		서열표 하단 치곤 개인차가 상당히 크다..
Move UR Body	HAPPY HARDCORE	175			
MOVE! (We Keep It Movin')	ORBITALIC ELECTRIC MUSIC	142			
Moving on	PSYCHEDELIC TRANCE	153			
Mr.T. (take me higher)	DANCE POP	128			
Mukade	SCHRANZ	160			
murmur twins	CUDDLECORE	174	머머트윈즈		
Music is The Answer	TURBOFUNK	128			
MUSIC TO YOUR HEAD	TECHNO	138			
MVP	HARD TRAP	100			
MY FUTURE	TRANCE	148			
My Only Shining Star	HYPER EUROBEAT	155			
Mysterious Time	EUROBEAT	155			
N.O.	ASTRONOMICAL TECHNO	150			
n'pa pa BBQ	FUTURE TERROR	300			
NANAIRO	METAL POPS	192			
Narcissus At Oasis	ARTCORE	170			
Nasty Techniques	Hi-TECH FULL ON	150			
Nasty!	DANCE POP	127			
naughty girl@Queen's Palace	TECH-BREAKBEATS	145	너티걸		SCRATCH 필수
Necroxis Girl	GLITCH DUBSTEP	150			롱잡기믹
NEEDLESS MY LOVE FOR YOU	ROCK	182			
NEMESIS	TECHNO	164			PEAK 조심
NEMESIS -gratitude remix- IIDX Edition	DRUM'N'BASS	175			
Nemophila	EMOTIONAL FUTURE RIDDIM	175			
NEO GENERATOR SEVEN	MAINSTREAM HARDCORE	182			
Neo Heritage	HDM	150			
neogenesis	ENERGETIC TRANCE	151			
Neonlights	TECH DANCE	145			
neu	NIENTE	95(5, NORMAL) 199(HYPER, EX)	니엔테		
Never Fade Away	IIDX HANDZ UP!!	160			
never...	DANCE POP	130			
NEW GENERATION -もう、お前しか見えない-	ONLY ONE EURO BEAT	165	뉴제너레이션		
New Lights	HARDCORE	175			
NEW SENSATION -もう、あなたしか見えない-	ONLY ONE IDOL SONG	200	뉴센세이션		
NEWALONE	INDUSTRIAL BASS	110			
Next Level	DRUM & BASS	174			
Next Tales 2 Oath (IIDX 20th Anniv "Ring" Theme)	THEME SONG	180			
NIGHT OF FIRE	SUPER EUROBEAT	155			
Night sky	PUMPCORE	192			
Night! Night! Night!	EURO DYNAMITE	165			
Nightmare before oversleep	SORROW STEP	190			
NITROUS CANNON	MACHINEGUN PSYSTYLE	169			
No Border	TRANCE	150			
No Day But Today!	J-POP	150			
NO DOUBT GET LOUD	HIP HOP	100			
NO LIMIT -オレ達に限界は無い-	ONLY ONE DANCE MUSIC	150	노리밋		
No Limit 2 dAnce feat. 大山愛未	HYPER TECHNO	155	노리밋투댄스		
No Tears	HARD EDM	170			
No.13	PROGRESSIVE BAROQUE	172			
Nocturnal 2097	DARKSYNTH	157			
NOIXIA	STYLISH ELECTRO	165			CHARGE 조심
Non Stop Rock	DRUM'N'BASS	172			
NoN-Fiction Story!	TECHNO POP	160			
NORTH	CELTRANCE	138			
Nothing Ain't Stoppin' Us	DISCO	128			
Nothing but Theory	ULTRA JAZZFUNKTION	160			
Now and Forever	ENERGETIC TRANCE	146			
Nowhere	ELECTRO TRANCE	140			
NPC World	ELECTRO POP	165			
Nyan Nyan University	MAJOR IN MEWOLOGY	160			
NZM	END ROLL	190	노조미		유튜브로 패턴 숙지 추천. 롱잡 직후가 어려움
NΦ CRIME	DANCE MUSIC OF SORROW	160			
O/D*20	TECHNO	155			
Ocean Blue feat. Luschel	HiTECH FUSION	145			
of the first magnitude	TRANCE	157			
Ohayo!	FESTIVAL TRAP	150			
On My Wings (HARDSTYLE IIDX)	HARDSTYLE	150			
On the FM	RADIO SHOWCASE	200			
ON THE TUBE	MINIMAL	155			
ONE AND ONLY	RAVE IN THE GAME	174			
One for All	EUPHORIC FRENCHCORE	195			
One More Lovely	HAPPY	200			R-RANDOM 추천
One of A Kind	TECHNO/DANCE	132			
one or eight	HARDCORE RAVE	155			
ONIGOROSHI	TOKYO STYLE SPEEDCORE	400			
Only for now	PSYCHDELIC TRANCE	150			
onslaught	BAHAMŪT CORE	202			
OOO	BUBBLEGUM DANCE	140			
oratio	HYMNUS	162			
ORCA	CETACEA HDM	155			
OTENAMI Hurricane	POP BREAKCORE	215	오테나미		
OTOKOZAKA	OLD FASHIONED	160			
Ōu Legends	TOHOKU NEURO DENSETSU	191	Ou Legends		
Out of Control	FREEFORM ARTCORE	185			
Outbreak	FRENCHCORE	195			
OUTER LIMITS	HARDCORE BREAKBEATS	171			
OUTER LIMITS ALTERNATIVE	HARDCORE	171			
OUTER PLANETS	EPIC STORY	140			
outer wall	TECHNO	149			
OVER TIME	ELECTRO POP	134			
OVER VOLTAGE	HARDSTYLE	160			
Overload Frontier	HARDCORE RAVE	175			
Override	EUPHORIC HARDCORE	175			레겐더리아 CHORD 조심
Overslept	DRUM'N'BASS	170			
P A S T E L I S M	KAWAII FUTURE BASS	165	PASTELISM		
P.O.W.E.R.	RAWSTYLE	160			
Painful Fate	DRUM'N'BASS	192			
Pale Garden	FUTURE BASS	160			
PALETTE	BLUE CORE	184			
pandora	TRANCE	148			
PAPAYAPA BASS	MONDO-GROOVE BASSHOUSE	147			
Papilio ulysses	DRUMSTEP	180	파필리오		
Para siempre	MEXICAN DRUMSTEP	180			
PARADISE LOST	TRANCE CORE	200			
Parasite World	HYPER J-CORE	135			
Party Starter	K-POP	154			
Pārvatī	ORBITALIC WORLD MUSIC	205			
passionate fate	HANDZ UP	149			
PATRIOTISM	DRUM'N'BASS	180			
patsenner	AMBIENT TECHNO	108			
Peaktime Booster	RAPCORE	180			
Peng-Ging Sky High!!	HARD ELECTRIC POP	194			
PentaCube Gt.(RX-Ver.S.P.L.)	ALTERNATIVE ETHNO POP	120			
perditus†paradisus	ANTHEM CORE	172	pp		초반롱잡 숙지필요, 배치공부 추천
perfect free	HOUSE	130			
PERFECT GREAT!!	SUPER ULTRA MIRACLE HAPPY HARDCORE	190			
PERFECT HUMAN	IIDX EDITION	128			
Perfect Plan	CRIME JAZZ BROKEN BEATS	174			
PERFECTWORLD	SOFT ROCK	151			
Persephone	HARDSTYLE	155	페르소폰네		
Pharaoh	ANCIENT CIVILIZATION	180			
PHASE SHIFT MANEUVER	PSYSTYLE	163			
Phoenix	HARD NRG	176			이거 레겐 진지하게 S+임
PHOTONGENIC	DRUM & BASS	175			
Piano Samurai	BEAT PIANO MUSIC	170			
PILGRIM	TRAP	150			
Pinky Happy Crazy	HAPPY	190			
pique	MELODIOUS TECH	162			
PIRATES BLADE	STORMY SEA	160			
PIT A PAT	NEO CANDY RAVE	170			
Plan 8	HAPPY GABBA	212			패턴 숙지 필수
planarian	ELECTRIC POP	164			
PLASMA	SYNTHESIZED TECHNO	148			
PLASMA SOUL NIGHT feat. Nana Takahashi / 709sec.	LIGHTNING EUROBEAT	178			CHORD 조심
Play back hate you	小倉テクノ	142			
Playball	TECH HOUSE	140			
Playing With Fire	SPEED RAVE	160			
Plazma	J-POP	173			
Plea Per Phase	MELODIC CONTEMPORARIDDIM	150			
PLEASE DON'T GO	DISCO	135			
Please Welcome Mr.C	JAZZY HOLIC	230			
POINT ZERO	DRUM'N'BASS	188			
POLꞰAMAИIA	ポルカ2020	160	폴카마니아		
Pollinosis	HARD DANCE	145	병신티비		
POODLE	EUROBEAT	160			
POP TEAM EPIC (kors k Remix)	IIDX EDITION	142			
Poppin' Soda	KAWAII FUTURE BASS	200			
PopなEDEN	J-POP	305	팝에덴		
portal	ELECTRO	130			
Pout	FUTURE BASS	170			
POWER DREAM	TRANCE	142			
Power of Love	2 STEP	135			
Präludium	CLASSICAL PIANO	152			
Presto	PIANO AMBIENT	136			
Pretty Punisher	DANCE POP	143			
Primitive Vibes	TRIBAL FRONTIER	150			후반에 당황스러운 연타 하나 존재
Prince on a star	ALTERNATIVE ROCK	144			
Programmed Genom	PSYCHEDELIC TRANCE	144			
Programmed Life	PSY TRANCE(FULL ON)	144			
Programmed Sun	PSY TRANCE(MORNING)	144			
Programmed Sun (xac Antarctic Ocean mix)	UPLIFTING TRANCE	144			
Programmed Universe	MORNING FULL ON	144			
Programmed World	PSY TRANCE(FULL ON)	153			
Prohibited Props	VARIABLE FUTURE BASS	164			
PROMISE FOR LIFE	BALLAD	70			
prompt	NU PROGRESSIVE	198			
Proof of the existence	HARD ELECTRONICA	170			
PSYCHE PLANET-GT	PSYCHEDELIC TRANCE	152			
Psychedelic Intelligence	PSYCHEDELIC	150			
Psycho Sheep Riddim	RIDDIM DUBSTEP	150			
Punch Love♡仮面	E-DANCE POP	172	펀치러브가면		
PUNISHER	VARIANT RAVE	180			
Purple Perplex	MELODIC RIDDIM	150			
PUT YOUR FAITH IN ME (for beatmania II)	JAZZ FUNK	120			
QQQ	TECHNO	155			
Quakes	HARD BREAK BEATS	190	퀘익스		
QUANTUM TELEPORTATION	TECHNO	152			
quasar	TRANCE	155	퀘이서		
Queen Kaguya	ORBITALIC MOON MIXTURE	200			
Queen's Tragedy	BIGBEAT	152			
quell -the seventh slave-	TRANCE	140(노멀, 하이퍼) 162(어나더)	퀠		배멘퀠의 퀠
Quick Silver	RAVE FUSION	172			
R∞tAge	NEO J-TEKNO	150			후반 조심
R2	RAVE	160			
R3	RAVE	157			
R5	RAVE	180			
Radical Faith	BIG BEAT	114			
radius	DANCE	150			
rage against usual	DIGI-ROCK	152			유튜브로 패턴 숙지 추천
RAGE feat.H14 of LEONAIR	MIXTURE	166	레이지		유튜브로 패턴 숙지 필수
RAIN	TRANCE	159			
Rainbow after snow	DRUM'N'BASS	179			
rainbow flyer	TRANCE	148			
rainbow guitar weeps	BRIGHTNESS	156			
rainbow rainbow	HAPPY HARDCORE	177			
Rainstorm	UPLIFTING TRANCE	140			
RALLY '25	RALLY HARD TECHNO	160			
Rampage	HARDCORE	195	램페이지		
Raspberry Potion (feat.あれたん♡ & ぎゃるのしん☆)	LOVE♡CORE	177	라즈베리포션		
Raspberry Railgun	PANIC FUSION	142	라즈베리 레일건		
Raspberry♡Heart (English version)	COLORFUL HARDCORE	160			
Rave Cannon	SPEED RAVE	160			
Rave lithosphere	RAVE	170			
Rave Patroller	FUTURE SKOOL BREAKBEATS HARDCORE	175			
Rave Saves You feat. Cardz (Exclusive IIDX Mix)	HARD DANCE	143			
RAVE SYNDROME	REVERSE BASS	165			
Rave*it!! Rave*it!!	EDM SPEED	282	레이빗레이빗		동치 조심
Re:GENERATION	EMOTIONAL SENTENCE	176			
Re:Story	J-POP	105			
Ready To Rockit Blues	NU JAZZ	150			
Real	DRUM'N'BASS	200			
Realize Maze	SOLITUDE	149			
Really Love	R&B	100			
Recollection	POPS	182			
REcorrection	フルフィーパップ	116			
Red Determination	HARDCORE	180			
Red Nikita	LATIN SWING	140			
Red Rocket Rising	J-POP	155			
Red Soul	HARDCORE	180			
RED ZONE	SPEED RAVE	165	레드존		
Red. by Full Metal Jacket	TECH-BREAKBEATS	158			SCRATCH 조심
Red. by Jack Trance	TECH-BREAKS	160			SCRATCH 조심
Reflection Into the EDEN	BOSSA ELECTRONICA	110			
REFLEXES MANIPULATION	FUSION	130			
Reflux	TRANCESTEP	150	리플럭스		유튜브로 패턴 숙지 추천
refractive index	PSYCHEDELIC TRANCE	154			
refrain	TRANCE	158			
Regina vespaE	CYBER RENAISSANCE	189			
REINCARNATION	TRANCE	145			
Rejection Girl	STYLISH FUTURE	174			
Release The Music	TECH DANCE	146			
Remain	RUINOUS SPIRITUALS	150			
Remedy feat. Kanae Asaba	哀愁EUROBEAT	165			
REMEMBER ME	SUPER EUROBEAT	152			
REMINISCENCE	TRI EURO FANTASIA	171			
REPLAY	TECHNO	140			
RESISTANCE	MYSTERIOUS ROCK	184			
Resonant	DRUM'N'BASS	182			
RESONATE 1794	HARD SONATA	160			
reunion	CYBER WALTZ	184			
REVOLVER	Hi-TECHDANCE	160			
Rewind Time	GLITCH HOP	115			
RIDE ON THE LIGHT (HI GREAT MIX)	POWER FUSION	180			
Ride To The Core	J-CORE	240			
Riff//rain	THEME SONG	180			
RINИE	SYMPHONIC SAVIOR	198	RINNE		
RISE	DRUMSTEP	182			
Rise Circuit	DRUM'N'BASS	195			
Rise'n Beauty	TRANCE	140			
RISING FIRE HAWK	HARDSTYLE	157			
Rising in the Sun (original mix)	UK HARDCORE	172			
RISLIM	NEW ROMANTIC	130			
RISLIM -Remix-	ELECTRO 2 STEP	130			
Ristaccia	OUVERTÜRE	160			
Ritual of Anubis	ARABIC HARD RITUAL	190			
RIZING YOU UP	HAPPY HARDCORE	177			
RIZING-GAMERS.	GOLDEN FORCE	165			
Roar of Chronos	DIAMOND CORE	175			
Rock Da House	UK HARDCORE	175			
Rock It	HARDCORE	170			
ROCK ME NOW	RAGGA ROCK	220			
ROCK女 feat. 大山愛未, Ken	TRANCE	150	록온나		
Romanticが止まらない	IIDX EDITION	162	로맨틱이멈추지않아		
rommmo	BREAKCORE	208			
Roots of my way!	ACTRESS	158			
Rosa azuL	HARD LATIN	155			
rottel-da-sun	ROTTERDAM TECHNO	200			
rottel-the-Mercury	GABBA	200			
ROTTERDAM SHOGUN	RDM	199			
rough percussionythm	HARD D&B	175			유튜브로 패턴 숙지 필수
Roulette	EUROBEAT	160			
Round and Round	HYPER ELECTRO	145			
route 80s	NOISY	122			
Routing	JAZZY-ELECTRO	144			
Rowdy	DUBSTEP	100			
ROZA DE ANDALUCIA	MELODIC SPEED METAL	191			
Rub-a Dub-a	LOVERS CANDY RAVE	176			
Rubrum Piano	ACID LATIN JAZZ	160			
RUGGED ASH	FUTURE JAZZ	168			
RUINA	HARD PSY/SPEEDCORE	160			
Ruler or Loser	DRUM & BASS	174			
rumrum triplets	LOUNGECORE	192			
S-Bahn	DARK TECHNO	142			
S!ck	DRUMSTEP	177			
S!ck (Nhato Remix)	HARDCORE	177			
Sakura Mirage	CHIPCORE	187			
Sakura Reflection	HAPPY HARDCORE	181			미러 추천
sakura storm	HAPPY HARDCORE	184			
SAMSARA	DIMENSION WAVE	164			
SAMURAI-Scramble	TECH BREAKBEATS	150			SCRATCH 조심
Satellite Burst	HARD SYMPHONIC	177			
satellite020712 from "CODED ARMS"	HARD HOUSE	154			
satfinal	RAVE	180			
SAY BAY	SHINOBI RAVE	165			
Say YEEEAHH	EDM	135			
scar in the earth	WORLD/ELECTRONICA	141			
Scarlet Moon	J-CORE	180			
Scars of FAUNA	WORLD/ELECTRONICA	165			
Scharfrichter	HARD ROCK	217			
scherzo	PIANO AMBIENT	130			
Schlagwerk	BIG BEAT	125			
SCHWARZSCHILD FIELD	FULL ON	150			
SCORE	TECH HOUSE	140			
SCREAM SQUAD	BREAKCORE	220			
SCREAM THE LIFE FEAT.KYONO	ROCK	137			
SCREW // owo // SCREW	TWERKCORE //uwu// BEAT JUGGLE	114	스크류		
Scripted Connection⇒ A mix	TECHNO	151			체력 조심
Scripted Connection⇒ H mix	TECHNO	151			레겐더리아 체력 조심
Scripted Connection⇒ N mix	TECHNO	151			
Seaside Labyrinth	80's SYNTH FUNK	136			
Second Heaven	HANDZ UP	149			
Second Style(Hip Hop Paradise)	HIPHOP	115			
Secret of Love	DRUM'N'BASS	162			
Secret Rouge	DIGITAL J-POP	139			
Secret Tale	SOFT ROCK	158			
Secrets	TECH-PARA	150			CHORD 조심
See You Again	HARDCORE	175			
SEITEN NO TERIYAKI	CHAOTIC SPEEDCORE	273			아케 삭제됨
Seize the Day	FUTURE BASS	140			
Selfish Sweet	R&B	135			
Sellout	DANCE MUSIC	174			
Sense	RAVE	130			
Sense 2007	RAVE	140	스엑스		후살 특히 조심
Sephirot	TRANCE	154			
SEQUENCE CAT	TECHNO	145			중반 기믹
Seraph	UNSUNG SHADOWS	216			
Serious?	FESTIVAL TRAP	150			
Set U Free feat. Kanae Asaba	HARD TRANCE	140			
Seven Times Four	UK HARDCORE	170			
Several Words	VALIANT BEAT	180			
SEXYSEXYCHEVY	BIG BEAT	140			
SHADE	TECHNO	151			
Shades of Grey	HARD TRANCE	170			
Shadow World	STYLISH CONTEMPORARY	180			
Shamshir	G-HOUSE	135			
Shapeshifter	TECHNICAL ELECTRO	134			
Shattered control	CONTEMPORARY BREAKS	160			
SHELTER OF THE MIND	ROCKIN'DRUM&BASS	185			
SHIFT	TECHNO	130			
Shine On	SOUL	111			
Shining World	ELECTRO POP	150			
SHINING☆DANCE	J-RAVE	161			
SHION	HI-SPEED FANTASY TUNE	179			
Shirdal	CHAOTIC MEAL BREAKCORE	190			
Shiva	HARD PSY	150	쉬바		
Shoot'Em All	DETROIT TECHNO	152			
Shooting Fireball	MUSIC GAME TRADITIONAL	160	불알쏘기		체력조심
Shooting Star	DANCE POP	170			
Shooting Star	DANCE POP	140			
Show Me All Your Love	NEORAVE	165			
Show Time	HYBRID JERSY CLUB	145			
shuriken	CHIPTUNE	160			
Sidechained Threats	ELECTRO	140			
SIGMA	HARDROCK	130			
Sigmund	REQUIEM PSY	200	시그문드		NOTES 조심
Signs and Wonders	PROJECT ZIRCON	196			
SigSig	MAKINA	179			
Silvia Drive	HAPPY HANDBAG	129			
sink into the dream	TRANCE	148			
SINOBUZ Fantasy	CANDY ROCK	190			
Sirius	COLOUR BASS	180			
Six String Proof	HARDROCK	130			
Ska-sh All Neurons!!	A-STYLE NEURO+"スカ"+FUNK DRUMSTEP	183			
Skreaming for Salvation	DIGITAL HARDCORE	200			
Sky High	ANTHEM	153	천공2		
Skyscraper	EPIC HOUSE	135			
Sleepless days	THE WORLD EVOLVE	188			
Slipstream	FUTURE CORE	175			
Slumber☆Party	MULTIGENRE	180			
Small clone	JAZZ FUNK	145			
Smalt #28598F	TECH DANCE	151			
Smashing Wedge	HARDCORE	215	슴웨		
Smell Like This	TRANCE	145			
smile	ELE POP	189			
smooooch・∀・	CANDY RAVE	177	스무치		
smooooch・∀・ (Snail's House Remix)	CANDY RAVE BASS	177	스무치스네일		
Smug Face -どうだ、オレの生き様は- (ONLY ONE EDITION)	ONLY ONE ACT	160	스머그페이스		
Snake Stick	TECH-BREAKBEATS	145	뱀막대		SCRATCH, 껴있는 노트 조심
Snakey Kung-fu	ASIAN CONTEMPORARY	156	스네키쿵푸		롱잡 조심, 배치 숙지 추천
SnapSkipSpark	HAPPY BREAKCORE	185			
SNOW	DRUM'N'BASS	180			
Snow Goose	ELECTRIC POMP	200			
snow storm	TRANCE	145			
So Fabulous !!	BUCHIAGE TRANCE	149			
So Punky	80s EUROBEAT	140			
So What	BASS HOUSE	128			
SOLAR ECLIPSE	CROSSOVER	195			유튜브로 패턴 숙지 추천
soldier's waltz	WALTZ BEAT	186			
SOLID STATE SQUAD	HARDSTYLE	155			
SOLID STATE SQUAD -RISEN RELIC REMIX-	LIFE STREAM	186			
SOLID WYVERN	HARDPSY	165			
SOLITON BEAM	TECHNO	152			
Somebody Like You	POPS	125			
SOMETHING WONDERFUL	EPIC TRANCE	150			
sometime	SOUND TRACK	150			
Sometimes feat. Kanae Asaba	EUROBEAT	147			
Somnidiscotheque	SUBCONSCIOUS FRAGMENT	115			
Son, not gabba now	GABBA	150			
Sorrows	EMO	185			
Souhait bleu	ALCHEMY POP	225			
SOUND OF GIALLARHORN	FREEFORM HARDCORE	184			
Sounds Of Summer	UK HARDCORE	175			
SP-TRIP MACHINE(for beatmania II)	JUNGLE	160			
Space Battleship S4TØ	BIGCORE	174			
Space Dog	UCHU-RYOKOU	113			
SPACE FIGHT	戦艦テクノ	139			
Space Time	ENERGETIC TRANCE	143			
SpaceLand☆TOYBOX	RAGTIME FUTURE POP	172			
SPARK !	DANCE POP	126			
SPARK ! -essential RMX-	TRANCE	126			
SPARK IN THE NIGHT	EUPHORIC HARDSTYLE	160			
Sparkle Smilin'	TWINKLE POP	180			
Special energy	TRANCE TECHNO	140			
Special One	J-HOUSE	128			
SPECIAL SUMMER CAMPAIGN!	BUCHIAGE TRANCE	168			
Speculation	HARDCORE TECHNO	190			
SPEED	ROCK FUSION	220			
SPEED DEMON	HARDTEK	190			
SPEED ROCKER	PSYCHEDELIC TRANCE	145			
SPEEDY CAT	EUROBEAT	155			
Sphere	MEDIEVAL CHOIR	160			
Spica	HOUSE	128			
Spin the disc	HOUSE	130			
Spinning Around	FRENCH HOUSE	129			
spiral galaxy	PSYCHEDELIC TECHNO	154			
spiral galaxy -L.E.D.STYLE SPREADING PARTICLE BEAM MIX-	PSYCHEDELIC TRANCE	154			
Spirit of the Beast	Hi-NRG RAVECORE	195			
SPLASH!!!!!!!!!	DRUM'N'BASS / HAPPY HARDCORE	175			
squall	DRUM'N'BASS	190			
Squeeze	WITHOUT YOU TONIGHT -VI-	173			
STAR BEAT	COLOUR BASS	158			
STAR DREAM	TRANCE	148			
STAR FIELD	TRANCE	140			
Star Trail	TRANCE	148			
Stargazing Trip ~星 探す旅~ ft. 小林マナ	ANIME-STYLE DRUM AND BASS	185	별찾는여행		
STARLiGHT	DANCE SPEED GOLD	199			
STARLIGHT DANCEHALL	HAPPY EMOTION	177			
STARLIGHT JUNCTION	HEAV'NLY TRANCE	160			
starmine	HAPPY HARDCORE	182			
Starry Night	HARDSTYLE	155			
STARS☆☆☆(Re-tuned by HΛL) - IIDX EDITION -	HYPER J-POP+	146			
State Of The Art	TECHNOTRONICA	155			
Static State	ELECTRO TRANCE	138			
Stay my side	R&B	100			
Steel Edge	DRUM&BASS	177			
STEEL NEEDLE	BREAK CORE	205			
STELLAR WIND	HARD DANCE	162	스텔라 윈드		
Stepper	DANCE MUSIC	128			
Stereo Beasts	HARD TECHNO/DOWNTEMPO	160			
STILL IN MY HEART	HYPER EUROBEAT	150			
still my words	AMBIENT	136			
Stleq	ARTCORE	200			
stoic	TECHNO	155			
STOIC HYPOTHESIS	RIDDIM CORE	170			
STRAIGHT TO THE STARS	COLOUR BASS BREAKS	158			
StrayedCatz	FANTASY	303	스트캣		
Stylus	STYLISH ELECTRO	165			
Submerge Serenade	HARDTECHNO	157			bga 오..
subtractive	GLITCH STEP	180			
Sugar Drippin'	GARAGE	135			
Sugarplum	MOE CORE	170			
Summer	DANCE MUSIC	150			
Summer Vacation (CU mix)	TRIP HOP	135			
Summerblue	GAME MUSIC	145			
Summerlights (IIDX Edition)	HARDCORE RAVE	175			
Sun Field	HAPPY POP	152			
SUNLiGHT (IIDX Mix)	TRANCE SPEED	170			
Sunny Day Vibes	FUTURE CORE	185			
Super Duper Racers	HARDCORE	170			
Super Freak	HARDCORE	200			
SUPER HEROINE!!	GENSOU FULLON	186			
Super Rush	HARDTEK	190			
Survival Games	90's ELECTRIC POP	152			
SURVIVOR	GRAVITY POP	150			
suspicions	JAZZ CORE	153			
Swarm Of Scarabs	HOLIC	110			
Sweet Clapper	J-POP	162			
SWEET LAB	LOUNGE HOUSE	120			
Sweet Radar	ELECTRO POP	150			
Sweet Sweet ♡ Magic	HAPPY HARDCORE	180			
SWEETEST SAVAGE	HIP HOP	114			
Swing My Wonderland	ULTRA JAZZFUNKTION	170			
SWITCH	TECHNO	135			
SWITCH	TECHNO	135			
Sword of Vengeance	HI-SPEED TECHCORE	208			
symbolic	TECHNO	155			
Symmetry	EPIC ELECTRONICA	163	대칭		
symptom	DRUM'N'BASS	170			
sync	TRANCE	167	싱크		
Synergy For Angels	ORBITALIC REVOLUTION	160			
SµG@R RU$#	H4P9Y H@RI>CORE	180	슈가러시		패턴 유튜브로 숙지 추천
T-REX vs Velociraptor (In the Far east euphoria)	RAVECORE	200	티렉스		R-RANDOM추천
TA・DA☆YO・SHI	EUROBEAT	160	타다요시		
tablets	RAVE	180			
Tail Lights	TRANCE	156			
Take It Easy	INSTRUMENTAL	205			
Take Me Higher	SYNTHETIC ELECTRO	144			
Take Me Higher	SYNTHETIC ELECTRO	140			
Take My Life	EUROBEAT	175			
TAKE ON ME	DANCE EXPRESS Hi-speed	169			
Tangerine Stream	AMBIENT	84			
tant pis pour toi	TECHNO	138			
Technicolour Dreams	HDM	170			
TECHNO RUMBLE	SPED UP SCHRANZ	170			
TECHNO Style Essentials	TECHNO	154			
TECHNOPHOBIA	TECH/ELECTRO	152			유튜브로 패턴 숙지 추천
Tell me what you wish feat.らっぷびと	ROCK	203	텔미왓유위시		
Temple of Anubis	PSYSTYLE	155			
TEXTURE	DEATH DISCO	130			
That Feeling	SPEED HOUSE	150			
THE ANCIENT KING IS BACK	HARDSTYLE	160			
The Best of Both Worlds	EUROTRAPBEAT	160			
The Biggest Roaster	FILTER HOUSE	135			
THE BLACK KNIGHT	GOA TRANCE	154			
THE BRAVE MUST DIE	HARDCORE	215			
THE CANNONBALLER	EUROBEAT	170			
The Chase	TECH BREAKS	142			
The Clown of 24stairs	DISSOCIATIVE IDENTITY DISORDER	204	24계단		
The Commanders	HARDSTYLE	150			
THE CUBE	DRUM'N'BASS	178			
THE DAY OF JUBILATIONS	HARD ELECTRIC POP	181			
THE DEEP STRIKER	NU STYLE GABBA	173			
THE DETONATOR	NU STYLE GABBA	173			
The Dirty of Loudness	SADISTIC HARDCORE	165			S+1234567 절대 손바닥으로 치지말것
THE DOOR INTO RAINBOW	TRANCE	155			
THE EARTH LIGHT	TRANCE	145			
The end of my spiritually	ELECTRONICA	110			
THE F∀UST	PIERROT CORE	170	더 파우스트		
THE FALLEN	GOTH NU-STYLE GABBA	167			
The Hope of Tomorrow	CYBORG TRANCE	144			
The Last Apocalypse	NEO-CLASSICAL CORE	190			
THE LAST STRIKER	DRUM & BASS	185			
The Limbo	CYBER PUNK	200	자림보		PEAK 조심
The Onlyonez	FRENCHCORE	220			
THE PEERLESS UNDER HEAVEN	HARD MIXTURE	170	텐카이핀		유튜브로 패턴 숙지 추천
The Rebellion of Sequencer	DJENTCORE	300			
The Revolution (VIP Mix)	HDM	175			
The Sampling Paradise	HARD TRANCE	150	대퇴부참치		
The setting sun (burst)	COMPLEXTRO	140			
the shadow	SCHRANZ	156			
THE SHINING POLARIS	EPIC TRANCE	147			
THE SHINING POLARIS(kors k mix)	UK HARD CORE	172			
The Sky of Sadness	WORLD/CONTEMPORARY	138			
The Smile of You	POP	136			
The Story Begins	EPIC TRANCE	150			
THE TIME MACHINE	HARDWAVE/STYLE	155			
the trigger of innocence	ETHNOTRONICA	150			
The Wind of China Express (The 4th Mashup)	THE 4TH	172			
Think of me	NORTHERN EUROPE	100			
This Is Club Musik feat. 大久保紅葉	HARD HOUSE	165	클럽뮤직		
This is Love	CORE POP	175			
Thor's Hammer	TRANSCENDENTAL ETUDES	150	토르빠따		
thunder	HOUSE	135			
thunder HOUSE NATION Remix	HOUSE	135			
Thunderbolt	RAVERS DANCE SPEED	188			
TIEFSEE	DEEP SPECTRUM	165	티에프시		사볼과 음원이 다르다
Tiempo Loco	Hi-TECH / PSY CORE	180	템포로코		후살 말도 안 되는노래 유튜브로 패턴 숙지 필수
tiger yamato	NOISE POP	150			
Time Distortion pt.2 (IIDX Edit)	PSYCHEDELIC TECHNO	150			
Time is money	JAZZ	110			
Time to Air	DANCE SPEED	191			레겐더리아 CHORD 조심
Time To Empress	TRANCE	148			
Timepiece phase II	PROGRESSIVE ROCK	287	탐피		
Timepiece phase II (CN Ver.)	PROGRESSIVE ROCK	287			CHARGE 조심
TITANIUM RIDERS	HARDCORE RAVE	172			
TITANS RETURN	DRUMSTEP	194			
Tizona d'El Cid	MPB	265			
To my star	STARPOP	153			
To the Future	CLUB'80s	122			
To The Paradise	EDM	140			
Todestrieb	SACRED TRANCE	185	토데스트렙	르셰	
TOGAKUSHI	HARD TRANCE	152			유튜브로 패턴 숙지 추천
TOKAKU=ALMiRAJ	ORIENTAL MIRAGE	170			
TOMAHAWK	SUPER HARDCORE NOVA	215			
TOMORROW	IIDX EDITION	134			
Tomorrow Perfume	TRANCE	144			
Tonight?	ELECTROCK	135			
Too Late Snow	J-DANCE POP	138			
Tori-no-kimochi	WORLD/ELECTRONICA	135			
TOXIC VIBRATION	MELODIC SPEED METAL	197	톡식		
toy boxer	BOXINGCORE	190			
ToyCube Pf.(RX-Ver.S.P.L.)	NEW AGE	120			
Tp-RZ	BREAKBEATS	160			
traces	TRANCE	152			
Transport	TECH-TRANCE	147			
TRIBAL MASTER	ROCKET BEATS	130			
tricky trick	DUBSTEP	165			
Trill auf G	MUSIC GAMES HARDCORE	188	트릴아프지		트릴아프다
TRIP THE DEEP	MELODIC TECHNO	135			
Triple Counter	RISK + VACUUM	216	트카		
Triple Cross	MUSIC GAME TRADITIONAL	196	트크		
tripping contact	FREEFORM	182			삭제곡
Tripping Jumping	FUNKY BREAKS	156			
TRIUMPH	UK HARDCORE	183	트라이엄프		
TROOPERS	ULTIMATE CORE	177			
Tropical April	VACATION DANCE	182			
True Blue	ESSENTIALLY	164	트루블루		
Trust -MATERIAL ver- (IIDX Edition)	CHARACTER SONG	164			
TSAR BOMBA	DRUMSTEP	190	짜르봄바		
Turii ~Panta rhei~	ELEMENTAL CHANT	148			
Turning the motor over	LATIN SKA	178			
Twelfth Style	HAPPY EURO PARADISE	160			PEAK 조심
Twilight Warp	CYBER DANCE MUSIC	145			
Two DAYS OF LOVE	EUROBEAT	150			
TYPE MARS(G-Style Mix)	PSYCHEDELIC TRANCE	159			
u gotta beat	TECHCORE	180			
U.S.A.	IIDX EDITION	177			
Uaigh Gealaí	NEURO FUNK / CEILTEACH DORCHA	183			
Übertreffen	PROGRESSIVE BAROQUE	174	Ubertreffen	프로바로	
Ubiquitous Fantastic Ride	ELECTRO LOUNGE	172			
uən	RINASCITA	200	리나시타	RINASCITA	
Uh-Oh	CANDY RAVE	175			
ULTiM∧TE	HYPER J-POP FIVE	180			
ULTRA HIGH-HEELS	PARAPARA	159			
Umbral	UPLIFTING TRANCE	138			
UMMU	OSHARave	180			
Unbelief	METAL	135			
Under Construction	BIG BEAT	125			
Under the Sky	J-EUROTRANCE	170			
UNDERWORLD HOLOGRAPHY	DRUM & BASS	187			
UNDO THE NIGHT	EUROBEAT	162			
Unicorn tail	BREAKBEATS TRANCE	170			
UNITE THE HEART	DANCE POP DUET	185			
Urban Constellations	JAZZY FOOTWORK JUNGLE	167			
V	PROGRESSIVE	150	브이		https://youtu.be/pXxAAioHkPA?si=wC6EFYm_q-X0RkrM V max
V2	PROGRESSIVE	150			
V35	TRANCE	148			
Valanga	ART CORE	186			
Valgus	MAINSTREAM HARDCORE	175			
VALKYRIAS -英雄誕生-	HEROIC VALHALLA ROCK	184	영웅출현		
VALLIS-NERIA	TRANCE CORE	185	발리스		
VANESSA	DECEPTIVE GABBA	185			NOTES 조심
vault of heaven	ELECTROSHOCK	160			
Vector	TECH CORE	175			
VEGA	UNIVERSAL J-CORE	191			
Venom	JUMP UP/HARDCORE	190			
Ventriloquist	JAZZY STEP	170			
Verflucht	HARD NRG	180	벨플		NOTES 조심
Vermilion	HARD HOUSE	143			
Vermilion Carol	GOTHIC PIANO TRANCE	175			
Vermillion	PSYCHE FUSION	152			
Vibing! Shake it!	SOCA/HARD DANCE	160			
VIBRΛ	EMO STEP	176			
Victory Of Ravers	HARDCORE RAVE	178			
Vienna	PIANO AMBIENT	115			
Vinculum stellarum	ANTHEM TRANCE	160	빈클룸		
Violet Pulse	GLITCH ELECTRO	134			
Violet Rose	LATIN JAZZ TRIO	152			
Viridian	NU-NRG	161			
Virtual Insanity	R&B MIX	100			
VIRTUAL MIND	HIPHOP HIP HOP	128			
Virus Funk	PROGRESSIVE DISCO	132			
Visterhv	REBIRTH OUT	191	비스터브		
Vitamin	SPEED HOUSE	160			
Vitrum	PROGRESSIVE METAL	146			
VIVID DEBUT!	FUTURE CORE	201			
voice of echo.	HYPERTRANCE	175			
VOLAQUAS	EMPYREAL HYDRO ARTCORE	212	볼콰스		
VOLCANIC BIGBEAT	TECH-BIGBEAT	148			
Volcanic Dragon	HARDCORE RAVE	175			
voltississimo	VVV	225	볼티		
Voo Doo Bamboleo	TRIBAL DANCE	137			
Votania Beat	BEAT MUSIC	185			
VOX RUSH	ROTTERDAM RAVE	202			삭제곡
VOX UP	ROTTERDAM TECHNO	202			
Voxane	TECH DANCE	140			
Vulkan	GYPSYCORE	205			
Vulnerability	VARIABLE CORE	167			
WAKE UP NOW	TROPICAL ELECTRO HOUSE	150			
wanna be a "BAD GIRL" feat. Nana Takahashi	FUNK POP	142			
Wanna Party?	PIANO HOUSE	128			
WANNA TELL THAT WORD	US HARD HOUSE	132			
WAR GAME	HIP HOP	93			
Warrior	MAINSTREAM HARDCORE	175			
Watch Out Pt.2	TECH-BREAKBEATS	148	와챠2		SCRATCH 조심
Watch out!!	HIP HOP	121	와챠		
WaterCube Pf.(RX-Ver.S.P.L.)	ETHNO POP	120			
Watermelon Explosion	EXPLO POP	180			
waxing and wanding	DANCE SPEED	191	왁싱		CHORD 조심
We are Disっ娘よっつ打ち命	DISCO	130	디스코요츠우치		
WE LOVE SHONAN	SURF&DUB	165			
We're so Happy (P*Light Remix) IIDX ver.	HAPPY HARDCORE	185	위아소해피		
Welcome	HARDCORE	170			유튜브로 패턴 숙지 추천
Welcome to the Mosh Pit	RIDDIM TECHCORE	172			
WHA	CROSSO-WHA-R	108	와	샌즈	유튜브로 패턴 숙지 추천
Wheel of Journey	ETHNIC	193			
When I Met U	HYBRID BASSLINE	145			
Why did you go away	LOVERS EUROBEAT	160			
WILD FIRE	EURO BEAT	172			
Wing of Hearts	HYPER HANDS UP	187			
winkle 2 winkle	EURODANCE SPEED	171			
Winner's Proof ft. KANASA from bless4	THEME SONG	100			
WISE UP!	RESORT HOUSE	127			
wish	CUTE POP'S	115			
WISH(EUROBEAT MIX)	EUROBEAT	180			
with me...	ELECTRO	144			
With You	DANCE	150			
with you…	FUNK'N JAZZ HOUSE	135			
With your Smile	J-HOUSE	135			
Without Heaven	VARIABLE ORIENTAL CORE	162			
WOBBLE IMPACT	DUBSTEP	190			
Wolf 1061	PIANO TRANCE	173			
Won(*3*)Chu KissMe!	IIDX EDITION	160			
Wonder Bullfighter	NATURAL SOUND	126			
Wonder Girl feat. Kanae Asaba	EUROBEAT	160			
WONDER WALKER	HARD TRANCE	165	원더워커		
Wonderful Escape	NU DRUM & BASS	165			
Wonderland	CANDY RAVE GABBER	180			
World Wide Love	POPS	122			
Wow Wow 70's	DISCO	126			
Wuv U	CANDY RAVE	173			
X	RENAISSANCE	180			
X-rated	RETRO RAVE	140			
X-ray binary	TRANCE	150			
Ｘ↑Ｘ↓	新世紀進歩的羽扇子音楽	172	천상천하		
XANADU OF TWO	DANCE POP	160			
Xb10r	VOLTENIZED CORE	200	텐블러		
xenon	ELECTROSHOCK	158			
XENON II ~TOMOYUKIの野望~	ELECTRO SHOCK	160	제논투		
Xepher	MEDIEVAL CHOIR	170			
Xerulean	HAPPY HARDCORE	182			
XHRONOXAPSULΞ	CHRONO-SYMPHONIC SPEEDCORE	277	크로노캡슐		PEAK 조심
XINOBIKILL	CYBER JAZZSTEP	164			
Xlø	NEUTRONIKA	165	Xlo	쿠로	SCRATCH 조심
Xperanza	HYBRID HARDCORE	200			
Xyndrome	FRENCHCORE	195			
Y31	RAVE	168			
Yabis Starlight	DIGITAL ROCK	168			
YAKSHA	TERROR CORE	190			
yamabiko (SINOBUZ Edition)	夏の夕暮れと、DUBSTEP。	154			
YELLOW FROG from Steel Chronicle	DESERT ALTERNATIVE EDGE	110			
yellow head joe	TEK-TRANCE	187			
Yellow Sketch(RX-Ver.S.P.L.)	ALTERNATIVE ELECTRO	176			
Yellow Sunrise	DRUM'N'BASS	174			
YESTERDAY	SUPER EUROBEAT	158			
You Were The One	ITALO HOUSE	125			
You'll say "Now!"	ONLY ONE TECHNO	155			
Your Body	HOUSE	125			
Ypsilon	HARD STACC	160			
Yum Yum Jelly	FUTURE BASS	180			
ZED	DUB STEP	190			
ZENDEGI DANCE	ORBITALIC ORIENTAL ELECTRO	160			
Zenith	PLUS ONE	164	제니스(소문자)		
Zenius -I- vanisher	CYBER OPUS	160			
ZEPHYRANTHES	BLOOM CORE	180	제피르		
ZERO-ONE	ELECTROSHOCK	160			
ZEROIN ON THE LIGHT	COLD BEAT	162			
ZEИITH	ARCADE CORE	190	제니스(대문자)		
Zirkfied	SPACE REQUIEM	210			PEAK 조심
ZZ	INTELLIGENCE	154	제츠		
ΕΛΠΙΣ	ROMANTIC SCHOOL VARIATIONS	175	엘피즈	ELPIS	
ιgniЯRuina	PSALMS OF ASHES	183	ignirruina	루이나	
Τέλος	幻想音樂	202	Telos	텔로스	
Χ-DEN	ULTI∑ATE COLLABORATION	200	X-DEN	카이덴	
ЁVOLUTIΦN	PLATINUM JAPANESQUE	165			
あいつら全員同窓会	J-POP	131	동창회		
アクマフカ	ROCK	135	아쿠마후카	악마부화	
アストライアの双皿	ZODIAC ORACLE 7	173	천칭	쌍접시	
アタシ完全絶対正義ちゃん！	ROCK	201	절대정의		
アタック NO.3	DRAGON' BASS	170	어택3		
アラビアン ハイパー ナイト	ARABIC TRAP CORE	182	아라비안하이퍼나이트		
アルストロメリア	BLOOM FUSION	144	알스트로메리아		
あるビー! feat.ころねぽち	ピコピコ電波ソング	236	아루비		
イグジスター	NIGHT J-POP	176	이그지스터		
イザナミノナゲキ	WORLD/ELECTRONICA	195	이자나미의통곡		
いつかオトナになれるといいね。	J-POP	176	모모쿠신쟈	언젠가 어른이 될 수 있다면 좋겠네	
うさ☆かめ 大戦争！	プログレッシブ徒競走	210	토끼거북이대전쟁		
ウツシミウツシ	ALTERNATIVE DANCE CORE	175	우츠시미우츠시		
エクスプロウル	VOCALOID	164	익스플로어		
エコ爺	80's EURO	125	에고사		
えだまめカレークッキング	ZUNTSUMU TEETEE	150	에다마메카레쿠킹		
エディブルフラワーの独白	HARD FRENCH	180	에디블플라워의독백		
おーまい！らぶりー！すうぃーてぃ！だーりん！	LOVELY YOUTH	170	오마이러블리스위티달링		
オールトの雲	GALAXY QUEST	215	오르트구름		
おおきなこえで	WORLD/POPS	100	큰목소리로	오오키나코에데	
オッド♡ラヴィ	LOVELY TECHCORE	172	옷도라비		
オドループ	J-POP	172	오도루프		삼색볼펜
オブソミート	ボカロ	158	오부소밋		
オルタネイトβ	HYPER J-POP	162	오루토네이토		
オレはビートマニア！お前は何マニア？	FUNK	123	오레와비토매니아!		
お命ちょうDAI! 901娘	演歌ブレイクス	160	901소녀		
お米の美味しい炊き方、そしてお米を食べることによるその効果。	お米タル	190	오코메탈	밥을 맛있게 짓는법	
お菓子の王国	SPEED CANDY	190	과자왕국		PEAK 조심
お願いアインシュタイン	CYBER SYMPHONIC POP	143	오네가이아인슈타인		
か・し・ま・し☆PUMP UP !	SUMMER WORKOUT	175	카시마시		
ガヴリールドロップキック	IIDX EDITION	168	가브릴드롭킥		
かげぬい ~Ver.BENIBOTAN~	NATSU MATSURI	186	카게메이		
カゴノトリ ～弐式～	和式電子音楽	140	카고노토리	kagonotori	
カジノファイヤーことみちゃん	電波	230	카지놔이아		
かずあそび	INSANIO	170	카즈아소비	숫자놀이	
がっつり陰キャ!?怪盗いいんちょの億劫^^;	Hi-メランコリックコア	185	괴도프림2		체력조심
カミロ・ウナ・メンデス	SPANISH COOL	119	카밀로우나멘데스		
カラルの月	NOMADIC NATION	135	카랄의달		
キスキツネ	J-POP	148	키스키츠네		
きみのせかい	8-BIT MIXTURE	184	너의세계		
ギャ・ギャ・ギャ・ギャラクシー！	VOCALOID	140	갸갸갸갤럭시		
キャトられ❤恋はモ～モク	Hi-ν BLEEP	196	캬토라레		
キヤロラ衛星の軌跡	COSMIC PROG ROCK	150	캬롤라위성		
きゅうくらりん	VOCALOID	220	큐큐라링		
きゅんです。	ROCK	162	큥데스		
ギョギョっと人魚♨爆婚ブライダル	Hi-RESORT電波	169	인어브라이덜		
ぐだふわエブリデー	IIDX EDITION	220	구다후와에브리데이		
グッバイ宣言	IIDX EDITION	170	굿바이선언		
グラナダの風	SPANISH GUITAR	130	그라나다의바람		
クルクル☆ラブ 〜Opioid Peptide MIX〜	FUTURE POP	185	쿠루쿠루러브		
クレッシェンド	CLASSICAL	180	크레셴도		
ここからよろしく大作戦143	ROCK	184	요로시쿠대작전		
コスモス	J-POP	148	코스모스		
こっちを向いてよ	SOUL	128	이쪽을봐줘		
サクラあっぱれーしょん	IIDX EDITION	140	사쿠라어퍼레이션		
サヨナラ・ヘヴン	WORLD/ELECTRONICA	111	사요나라헤븐		
サヨナラ・ヘヴン-Celtic Chip Dance Mix-	BEMANI 8BIT COLLECTION	111	사요나라헤븐칩		
シティ・エンジェル	TRANCE	145	시티엔젤		
シムルグの目醒め	NATURE	190	시무루그의 각성		
〆	HiTECH	160	시메		
シュッパツシンコウ・シサカンコ	KANA-POP	182	출발진행		
シュレーディンガーの猫	TOY CONTEMPORARY	187	토컨		
シル・ヴ・プレジデント	J-POP	176	실부프레		
シンデレラ	DRUM & BASS	178	신데렐라		
スーパー戦湯ババンバーン	オンセン♨ヒーロー	187	전탕바반반		
スキッテイエェエエェ!!!!	Hi-ラブコメPOP	200	스킷테이에		NOTES 조심
スパークリング☆彡ハイパーチューン！！	EUROBEAT	177	스파클링하이퍼튠		
セカンドピアス	GIRLS ROCK	138	세컨드피어스		
セピアの軌跡 ft. 天宮みや(少女フラクタル)	MS J TRANCE POP	158	세피아의궤적		
セロトニン	ORBITALICTRO	150	세로토닌		
センチメンタル・サマー	CITY DANCE POP	136	센티멘탈서머		
ぞうしょく！？マイデンティティ	バーチャルマルチコア	200	증식마이덴티티		
それが、ボクの使命～レスキュー隊長 メンキュー～	EMERGENCY CORE	180	보쿠노시메이		
それは花火のような恋	Hi-歌謡コア	182	그것은 불꽃같은 사랑		
たからもの	POPS	182	보물		
タシカナモノ	POPROCK	180	확실한것		
たまゆら	PROGRESSIVE	180	타마유라		
タンポポ	ROCK	206	민들레		
チェイスチェイスジョーカーズのうた (オニスタイルリミックス)	ウラシュダイカ	185	체이스조커즈		
ちゅ、多様性。	J-POP	150	츄다양성		
ちょえちょえまぎか	ROCK	180	초에초에마기카		
ちらちら・はらはら	ACEDIA	180	치라치라하라하라		
ディッシュウォッシャー◎彡おいわちゃん	ネオスカ電波	210	식기세척기		
デッドボヲルdeホームラン	ELECTRIC MANOUSH SWING	145	데드볼홈런		
デビルじゃないもん	IIDX EDITION	154	데빌아니야		
デラむぅのでらっくす☆どり～む	だんすむぅ～じっく	140	데라무드림		
ドゥサンコオデッセイ!!	CHIPTUNE FUSION	160	두샹코		
ドッキン☆サマーあばんちゅーる	ドタバタ☆夏休み	180	도킹서머		
トリカゴノ鳳凰	歌謡 DRUM & BASS	185	새장속 봉황		
ドリムチウ	HARDCORE TECHNO	170	도리무추		
とろぴかる倶楽部	TROPICAL	120	트로피컬클럽		
どんなときも。	J-REVIVAL	160	언제라도		
ナイトシティー·アヴァンチュール	歌謡ニューウェーブ	170	나이트시티		
ナイトフィクション	ALTERNATIVE	163	나이트픽션		
ないないルーティン	SPEED HOUSE	148	나이나이루틴		
バ→ビ→ブ→Bomb!	電波ソング	175	빠삐뿌밤		
パ→ピ→プ→Yeah!	電波ソング	160	빠삐뿌예		
ハードベース・フェスタ	A-STYLE RUSSIAN HARDBASS	158	하드베이스페스타		
パーフェクトイーター	ROCK	175	퍼펙트이터		
ハイ*ビスカス ft. Kanae Asaba	YANKEE CAR J TRANCE	157	하이비스커스		
ハイテックトキオ	ハイテックトキオ	165	하이테크 토키오		
バスルーム ロマンス	CLASSIC MOTIF	155	배스룸로맨스		
バッド・スイーツ、バッド・ドリーム	.+:☆ BAD FUTURE ☆:+.	220	배드스위츠		
バッドエンド・シンドローム	PIANO CHRONICLE	126	배드엔드신드롬		
バビロニア	DISTORTED NEW AGE	164	바빌로니아		
バブリン	J-POP	198	버블린		
パラドキシカル・タイムリープトライアル (Short Ver.)	AKIBA-POP	188	타임리프		
ハリツヤランデヴー	HOU-ROCK	143	하리츠야랑데부		
ハルイロメロディー	AOHARU MELODY	166	봄빛멜로디		
バンブーソード・ガール	J-SPEEDMETAL	208	밤부 소드 걸		
ピアノ協奏曲第１番 "蠍火" (BlackY Remix)	PDM	160	헐화 블래키 믹스		
ビビッド ☆＋＊。キラキライム	ハピコア	191	비비드키라키라임		
ビビデバ	J-POP	120	비비디바		
ヒマワリ	J-HAPPY HARDCORE	185	해바라기		
ビューティフルレシート	HAPPY HARDCORE	196	영수증		
ファイナルレター	MELODIOUS WATER PIANO	205	파이널레터		
フェイクアウト	ROCK	215	페이크아웃		
フェティッシュペイパー～脇の汗回転ガール～	モッシュ	110	페티시페이퍼		
フォニイ	IIDX EDITION	170	포니		
ぷろぐれっしぶ時空少女！うらしまたろ子ちゃん！	ぷろぐれっしぶ電波	175	우라시마타로코		
ベィスドロップ・フリークス	A-STYLE DRUM STEP	179	베이스드롭프릭스		
ベラ・ベ・カラベラ	TERRORCORE/RAP	150	베라베카라베라		
ベンガル vs. アムール Battle	BOLLYWOOD CORE	165	벵갈아무르		
ポチコの幸せな日常	わんわんコア	192	포치코		
ポラリスノウタ	FUTUREBASS	170	폴라리스노래		
マーシャル・マキシマイザー	IIDX EDITION	190	마셜맥시마이저		
マインド・ゲーム	青春剛速球メタル	180	마인드게임		
マチ子の唄	EDUCATION	152	마치코의노래		
マツケンサンバII	IIDX EDITION	127	마츠켄삼바		
まほろば	J-DANCE POP	149	마호로바		
ミストレス・アンには花束を	ELECTRONICA	135	미스트레스앤		
ミッドナイト☆WAR	BEMANIZED ROCKCORE	156	미드나이트워		
ミッドナイト堕天使	TRENDY TECHNO	150	미드나이트 타천사		
ミュージック・アワー	IIDX EDITION	165	뮤직아워		CHORD 조심
ミラージュ・レジデンス	FUSION	144	미라주레지던스		CHARGE 조심
めいさいアイドル☆あいむちゃん♪	電波デステクノ	160	미체 아이돌 아이무짱		
メイメツ、フラグメンツ	CYBER SYMPHONIC POP	157	명멸프래그먼트		
めうめうぺったんたん！！ (ZAQUVA Remix)	HYPERACTIVE HELLCORE	185	메우메우펫탄탄		
めでてえ	ハッピースピードコア	240	메데테에		
もっと！モット！ときめき feat. 松下	きらめきコア	185	더두근두근		
ユミル	SYMPHONIC-TEK	164	유미르		
ヨシダさん	TECHNO	150	요시다씨		
ラキラキ	LUCKY TECHNO	165	라키라키		
ラストセンチュリーメランコリック	FUTURE J-POP	170	라스트센추리		
ラブキラ☆スプラッシュ	HYPER POP	152	러브키라스플래시		
ラブコメトキドキシリアス	Hi-ROM COM	224	러브코메		
ランカーキラーガール	KILLER PUNK	200	RANKER KILLER GIRL		
リグレット	EURO TRANCE	155	리그렛		
リメンバーリメンバー	RAINY WALTZ	182	리멤버 리멤버		
リリーゼと炎龍レーヴァテイン	OLDSTYLE GAMEMUSIC	200	리리제		
レインボウ・フレーバー	ELECTRO SHERBET	140	레인보우플레이버		
レシピのリドル	ガールズティーパーティー	245	레시피리들		
れとりば！	KAWAII DOGGO POPS	180	리트리버		
ロマンシングエスケープ	SYNTHWAVE POP	132	로맨싱이스케이프		
ロミとロボの宇宙飛行	ARTCORE	172	로미로보		
下弦の月	NEO CLASSICAL DANCE	166	하현의 달	하현달	
不死身ごっこ	ボカロ	147	불사신놀이		
不沈艦CANDY	HARDCORE	188	불침함		
世界の果てに約束の凱歌を -ReUnion-	BRAVE ANTHEM	200	약속의 개가		
中華急行	HAPPY HARDCORE	171	중화급행		
九尾狐夜行	ORIENTAL FUSION	145	구미호야행		
乱膳の舞姫	BALKANIC ROCK	171	난젠무희		
今宵、ロマンス横丁。	和風歌謡硬核音楽	168	로맨스요코초		
令和 (1991RAVE REMIX)	RAVE	148	레이와		
仮想空間の旅人たち	TECHNO	151	가상공간		
伐折羅-vajra-	KUDOS CORE	173	바즈라		
俺ら東京さ行ぐだ	IIDX EDITION	140	도쿄에갈리라		
傷つけど、愛してる。	J-POP	180	상처입어도사랑해		
儚き恋の華	BLOOM ROCK	162	덧없는 사랑의 꽃		
儚キ戀ノ幻想譚	和風歌謡硬核音楽	175	덧없는 사랑의 환상담		
光風霽月	ORIENTAL Hi-TECH FULL ON	160	광풍제월		
全力 SPECIAL VACATION!! ～限りある休日～	HAPPY VACAY CORE	170	전력바캉스		
共犯ヘヴンズコード	ELEGANT SWING	219	공범헤븐즈코드		
共鳴遊戯の華	ASTRAL DRUM & BASS	190	공명유희		
最強頂戴girl♡	TWINKLE POP	206	최강줘걸		
冬椿 ft.Kanae Asaba	HYPER ENKA POP	155	겨울동백		
凛として咲く花の如く	撫子ロック	163	나데시코락		
刃図羅	LAST ARTS	165	바즈라		
創世ノート	CREATOR	200	창세노트		
十六夜セツナ	HYPER J-POP	160	16야세츠나		
千年ノ理	WORLD/ELECTRONICA	153	천년의리		CHORD 조심
即席！脳直★ミュージックシステム	AKIBA-POP	197	즉석뇌직		
取り残された美術 (Arranged:HiZuMi)	HYPER J-POP	160	남겨진미술		
口カラ凸ゲキ	HUMAN BEATBOX ELECTRO	150	입돌격		
叶うまでは	ELECTRIC AOR	140	카나우마데		
合体せよ！ストロングイェーガー!!	NU-NRG	155	스트롱예거		
合体せよ！ストロングイェーガー!! (Ryu☆ remix)	HARD DANCE	155	스트롱예거리믹스		
君のハートにロックオン	トレンディーフュージョン	260	너의하트에록온		
命の標本	STRANGE WORLD MUSIC	183	생명의 표본		
唱	J-POP	132	춤		
嘆きの樹	CONTEMPORARY	160	한탄수		유튜브로 패턴 숙지 추천
夏の匂い。キミの残像。 ft. Kanae Asaba	Re 90's J-DANCE POP	161	여름냄새		
夏色DIARY -L.E.D.-G STYLE MIX-	HAPPY SUMMER CORE	190	여름일기		
夏色のセレナーデ	OMOIDE CORE	175	여름빛세레나데		
夏風邪デスコ	SUMMER POP	165	여름감기데스코		
夕焼け ~Fading Day~	AURAL ADRENALINE	174	석양		
多極性ニューロンの崩壊による人間の末路	PROGRESSIVE METAL	165	다극성뉴런		
夜のサングラス	METAL HOUSE	125	밤의선글라스		
夢縁	JUVENILE PIANO ROCK	162	몽연		
天使のカンタータ -Cantata of Angels-	ANTHEM	158	칸타타		
天国のキッス ～D.J.TAKA'S STYLE～	EURO TRANCE	150	천국의키스		
天泣	PROGRESSIVE	150	천읍		
天空の夜明け	ANTHEM	150	천공의 새벽		
天空脳番長危機十六連打	RAGE AGAINST EMPRESS	150	천공뇌번장		
天邪鬼	HARD DANCE	155	아마노자쿠		
太陽～T・A・I・Y・O～	CYBER J-EURO	155	태양		
太陽SUNSUNボンジュールアバンチュール	PIECED SUNDAY	140	태양상상		
好吃来世deエレクトリック	ALTERNATIVE	144	하오츠라이세		
妖隠し -あやかしかくし-	DRUM'N'WALTZ	85	아야카시쿠시		
子供の落書き帳	PROGRESSIVE	280	아이들의 낙서장		
寝起きヤシの木	IIDX EDITION	160	기상야자수		
少女アリスと箱庭幻想コンチェルト	空想ファンタジーシリーズ	134	소녀앨리스		
少年は空を辿る	ムラクモ	140	무라쿠모		
少年リップルズ	EMOCTRO	210	소년리플즈		
山岡晃の「クイズ！家事都合！」	ポップス	148	야마오카퀴즈		
幻想系世界修復少女	J-POP	193	세계수복소녀		
弾幕信仰	HARD ORIENTAL	170	탄막신앙		
忍恋花	忍歌	189	인연화		
恋する☆宇宙戦争っ!!	HI-BLEEP	200	우주전쟁		레겐더리아 체력조심
恋はどう？モロ◎波動OK☆方程式！！	理系ポップ	128	하동방정식		
恋は白帯、サンシロー	KANA-POP	175	산시로		
恋愛レボリューション21 -秋葉工房mix-	EUROBEAT	158	연애레볼루션		
恋愛観測	HAPPY LOVEGAZER	188	연애관측		
情熱タンデムRUNAWAY	爆走EUROBEAT	177	정열탠덤		
惑	ASIAN CROSSOVER	110	미혹		
惑星☆ロリポップ	ANIMTRIBE POP	180	행성롤리팝		
愛しくてラヴィンユー ft. マナ	EURO BEAT	152	사랑스러워러빙유		
愛包ダンスホール	J-POP	142	사랑파이 댄스홀		
打打打打打打打打打打	JAPANESE TRADITIONAL	156	10타		
抱きしめてモナムール	Hi-歌謡コア	190	모나무르		
摩天楼	VAHALLASTEP	172	마천루		
断罪の一花	J-POP	185	단죄의 일화		
新時代	IIDX EDITION	175	신시대		
旅人リラン	ELECLORE	155	여인 리란		
旋律のドグマ ～Misérables～	JUVENILE DRUM'N'BASS	192	선율의 도그마		
昏き甲鉄のヴェルガ	FANTASIA	174	어두운강철베르가		
星をこの手に	J-POP	165	별을이손에		
星屑ディスタンシア	GLITCH JAZZ	110	별무리디스탄시아		
昭和企業戦士荒山課長	テクノチョップ	132	아라야마과장		
時空トラベローグ	TIME TRIP JAZZ	234	시공 트라벨로그		
晴天Bon Voyage	スウィートロニカ	230	청천본보야지		
曼荼羅恋々	GOTHIC CORE	198	만다라연련		
月とミルク	CHIPBREAK POP	190	달과 우유		
月と夢の跡 ft. マナ	J METAL×DANCE POP	160	달과꿈의흔적		
月下繚乱	CYBER YAMATO	170	월하요란		
月光	J-EUROBEAT	155	월광		
朧	FASCINATION	149	오보로		
未完成ノ蒸氣驅動乙女	ORBITAL STEAMPUNK	170	미완성의 증기구동소녀		
未来のプリズム	STARPOP	132	미래의 프리즘		
朱と碧のランページ	ANIMA SONG	178	붉음과 푸름의 램페이지		
東京神話	ORBITALIC GABBER STEP	196	동경신화		레겐더리아 나오면 요주의패턴
果たせぬ約束 ft. 小林マナ	CHINA SQUARE DANCEPOP	164	못다한약속		
栄冠のカンパネラ	TRIUMPHAL MARCH	185	영관의 카마넬라		CHARGE 조심
梅雪夜	想歌 梅	167	매설야		
楽園追放	ALTERNATIVE	239	낙원추방		
次葉 -turn the page-	POP ROCK	152	다음페이지		
死神自爆中二妹アイドルももかりん(1歳)	電波METAL	210	모모카린		
残像ニ繋ガレタ追憶ノHIDEAWAY	HYPER DIG!ROCK	160	잔상하이드어웨이		
水上の提督(Short mix from "幻想水滸伝V")	WORLD/ELECTRONICA	140	수상의제독		
水無月の雫 ft. 小林まな	-和- EURO TRANCE	167	미나즈키물방울		
水鏡の異界	JAPANESE TECH BREAKS	168	수경의 이계		
泰東ノ翠霞	JAPANESE POPS	180	태동의취하		
津軽雪	MICHINOKU	160	진경설		
流桜ノ門	SCI-FI CHRONICLE	172	유앵의문		
海神	HYDRO CORE	159	해신		CHARGE 조심
消極的セツナイズム	ROCK	145	소극적세츠나이즘		
涙のテ・エストラーニョ・ムーチョ	Hi-歌謡タンゴ	187	눈물의테에스트라뇨		
深愛のリグレット	PIANO J TRANCE POP	145	심애의리그렛		
深淵に捧ぐレクイエム	CYBER REQUIEM	175	심연에 바치는 레퀴엠		CHARGE 조심
湘南ロンリーMIDNIGHT RAIN	歌謡ニューウェーブ	165	쇼난론리		
灼熱 Lost Summer Dayz	DRUM'N'BASS	168	작3		
灼熱 Pt.2 Long Train Running	BROKEN SAMBA BREAK	165	작2		SCRATCH 조심
灼熱Beach Side Bunny	BROKEN SAMBA BREAK	153	작열		SCRATCH 조심
灼熱Beach Side Bunny (Masayoshi Iimori Remix)	NRG	150	작열마사요시		
灼熱Beach Side Bunny (かめりあ's "Summertime D'n'B" Remix)	BROKEN SAMBA DRUM'N'BASS	174	작열리믹		
炸裂！イェーガー電光チョップ!! (JAEGER FINAL ATTACK)	HARDSTYLE	159	예거전광찹		
烽火連天の刃	CYBER TAIGA	190	봉화연천의 칼날		CHARGE 조심
焔極OVERKILL	HARDCORE	192	염극오버킬		
無双	SENGOKU LEGENDS	180	무쌍		
無意識のフィロソフィア	HARD TRANCE	160	무의식철학		
焱影	HIP HOP	136	히카게		
煉獄コンフィチュール	ROCK	236	연옥콩피튀르		
煉獄のエルフェリア	HARD SYMPHONIC	183	연옥의 엘페리아		
爆ゼニ☆がってんワーカー	勤労☆電波	195	폭제니워커		
爆ぜりゃんせ	繚乱呂句	172	하제리얀세		
牧神笛吹きて	ZODIAC ORACLE X	157	목신피리		
犬に雨傘	FRENCH POP	240	개에우산	이누니아메가사	
狂イ咲ケ焔ノ華	Hi-GOTH	206	불사조프림		
狂水一華	STYLISH CROSSOVER	160	광수일화		
獅子霞麗ノ舞	DRAMATIC WALTZ	100	사자하례의춤		
生きるよすが	J-POP	252	살아갈 실마리		
異心前進♪ぴょんぴょんぴょん	EUROBEAT	170	이심전진		
疾風迅雷	ORIENTAL CORE	180	질풍신뢰		레겐더리아 PEAK 특히 조심
白露の風	想歌 風	166	백로의바람		
百恋ラブラスター	KAWAII POP	160	백련러브래스터		
真 地獄超特急 -HELL or HELL-	新世紀進歩的羽扇子音楽	165	진 지옥 초특급		
真夏の花・真夏の夢	HOUSE	130	한여름의꽃꿈		
真夜中のバベル	HOUSE	140	한밤의바벨		
眠りの国のステラ	空想ファンタジーシリーズ	193	잠의나라스텔라		
神っぽいな	IIDX EDITION	142	신같네		
神のシナリオ	MELODIC DUBSTEP	140	신의 시나리오		CHARGE 조심
神様、つれない。	ALTERNATIVE	140	카미사마츠레나이		
神謳 -RESONANCE-	Hi-MYTH	180	신구레조		
禊	HARD PSY TRANCE	160	미소기		
禍根	ORBITAL FUTURE BASS	170	화근		
突撃！ガラスのニーソ姫！	電波	185	돌격! 유리의 니삭스 공주		
童話回廊	空想ファンタジーシリーズ	262	동화회랑		
紅牡丹	J-CORE	181	베니보탄		
紅蓮華	IIDX EDITION	135	홍련화	Gurenge	
純真可憐デザイア	EMOTIONAL ROCK	182	순진가련데자이어		
紫陽花 -AZISAI-	ORIENTAL TECHDANCE	155	자양화		
累乗のカルマ	PIANO ROCK	178	거듭제곱의 카르마		
終末を追う者	JUDGMENT	185	종말추노		
繚乱ヒットチャート	ネガメロック	192	요란히트차트		
罠	DRUM'N'ROCK	180	함정		
罪と罰	HYPER J-POP	144	죄와벌		
翼	J-TRANCE	148	츠바사		
色を喪った街	GREY DISTRICT	166	색잃거		
花吹雪~IIDX LIMITED~	JAPANESE ALTERATION	150	하나후부키		
草原の王女 -軌跡を辿って-	JOURNEY SCENE	142	초원의왕녀		
華爛漫 -Flowers-	HYPER JAPANESQUE 2	160	화란만		
華蝶風雪	ASIAN MIXTURE	199	화접풍설		
蒼い衝動	J-TRANCE	145	푸른 충돌		
虹色	LOVELY TRANS POP	160	무지개색		
虹色の花	LIGHT-VISUAL POP	170	무지개꽃		
蛇神	ORIENTAL MYTHOLOGY	170	사신		CHARGE 조심
表裏一体！？怪盗いいんちょの悩み♥	Hi-FUNK BREAKS	165	괴도위원장의고민		CHORD 조심
衰色小町メランコリア	NEO CLASSICAL DANCE	139	쇠색코마치		
見習い天使と星降りの丘	空想ファンタジーシリーズ	174	견습천사		
超!!遠距離らぶ♡メ〜ル	乙女EDM	130	초원거리러브메일		
超青少年ノ為ノ超多幸ナ超古典的超舞曲	PIECED EUPHORIA	150	초청소년		
踊	J-POP	128	Odo		
踊る！福神漬 (CALCUTTA)	INDIE EURO / DANCE	138	CALCUTTA		
輪廻の鴉	SPIRITUAL CORE	198	윤회의까마귀		
轟け！恋のビーンボール！！	ベースボールヒロイン	180	울려라! 사랑의 빈볼		
追想快晴テーマパーク	FUTURE E-POP	170	추상쾌청		
逆月	JAPANESQUE	280	역월		
進捗ダメダメです	J-POP	156	진척안돼요		
酔いどれ知らず	IIDX EDITION	115	요이도레		
野球の遊び方 そしてその歴史 〜決定版〜	野球のことがよくわかる	150	야구놀이법		
量子の海のリントヴルム	エピックプログレ	280	양자바다		
金野火織の金色提言	音ゲー賛美歌	225	콘노히오리의 금빛제언		
鉄甲乙女 -under the steel-	IRON CONCERTO	160	철갑소녀		
錬成人間トリコロイダー	特撮ハードコア	190	연성인간트리콜로이더		
鏡像都市	CYBER METROPOLIS	160	거울상도시		
閃と雷管とロープ	PIANO ROCK	165	섬과 뇌관과 로프		
閉塞的フレーション	ROCK	176	폐쇄적 플레이션		
開きたまえ！Next stAge！	CHARACTER SONG	200	열려라넥스테이지		
閠槞彁の願い	DARKSTEP	180	윤롱가		
陽炎	POP	140	아지랑이		
隅田川夏恋歌	A.I.デイトポップ	180	스미다가와		
雨のちパノラマセカイ	SUNNY SKY	178	파노라마 세계	아메노치파노라마	
雪月花	HARD HOUSE	151	설월화		
零 -ZERO-	HYPER J-POP ZERO	180	제로		
雷君	EDGE	181	라이쿤		
電人、暁に斃れる。	NU-NRG	165	전인 새벽에 쓰러지다		
電人イェーガーのテーマ (Theme of DENJIN J)	NU-NRG	155	전인예거		
電光	BUCHIAGE TRANCE	165	전광		
電子になりたい	HYBRID DANCE MUSIC	158	전자가되고싶어		
電腦都市	BREAKCORE	240	전뇌신화		
霧幻メモリア	LAST FRONTIER	150	무환메모리아		
青の洞窟	AQUARIUM QUARTERSTEP	175	푸른 동굴		
響花水月	HEROIC DRUM & BASS	180	향화수월		
駅猫のワルツ	にゃんコア	282	역고양이	역껄룩	
高高度降下低高度開傘	SYMPHONIC TECHNO	150	고고도저고도		
鬼天	ASURA TEK CORE	161	귀천		
鬼言集	INDUSTRIAL REVIEW	250	귀언집		
魅惑のYUMMYスイーツ	TWINKLE POP	208	매혹의 YUMMY SWEETS		
鴉	CROSSBREED	190	까마귀		
麗 ~うらら~	WINTER GLOW	155	하루 우라라		
黎明の情	歌謡エレジヰ	210	여명의정		
黒紅掬い	SHOWA RETRO	104	흑홍건지기		
黒髪乱れし修羅となりて	撫子メタル	150	흑발수라		
龍と少女とデコヒーレンス	EPIC TECHNO	165	용소녀		
龍王の霊廟(Mausoleum Of The Primal Dragon)	RETROSPECTIVE EPIC MUSIC	144	용왕영묘		